name,parent,value
Aberporth,Wales,9.5
Aberporth,Wales,8.8
Aberporth,Wales,9.5
Aberporth,Wales,13.8
Aberporth,Wales,14.3
Aberporth,Wales,16.9
Aberporth,Wales,16.7
Aberporth,Wales,17
Aberporth,Wales,16.1
Aberporth,Wales,14
Aberporth,Wales,10.8
Aberporth,Wales,8.7
Aberporth,Wales,9.4
Aberporth,Wales,9.5
Aberporth,Wales,8.7
Aberporth,Wales,10.7
Aberporth,Wales,16.5
Aberporth,Wales,15.8
Aberporth,Wales,17.9
Aberporth,Wales,17.6
Aberporth,Wales,15.9
Aberporth,Wales,12.4
Aberporth,Wales,9.7
Aberporth,Wales,7.4
Aberporth,Wales,6.8
Aberporth,Wales,6.7
Aberporth,Wales,9.6
Aberporth,Wales,12
Aberporth,Wales,14.3
Aberporth,Wales,17.7
Aberporth,Wales,18
Aberporth,Wales,18.3
Aberporth,Wales,15.9
Aberporth,Wales,14.3
Aberporth,Wales,11.1
Aberporth,Wales,6.9
Aberporth,Wales,5.1
Aberporth,Wales,5.9
Aberporth,Wales,8.5
Aberporth,Wales,11.6
Aberporth,Wales,13.2
Aberporth,Wales,17.6
Aberporth,Wales,18.1
Aberporth,Wales,16.9
Aberporth,Wales,16.6
Aberporth,Wales,13.7
Aberporth,Wales,8.8
Aberporth,Wales,4.5
Aberporth,Wales,6.5
Aberporth,Wales,9.2
Aberporth,Wales,9.6
Aberporth,Wales,14.6
Aberporth,Wales,15
Aberporth,Wales,15.8
Aberporth,Wales,17.3
Aberporth,Wales,17.5
Aberporth,Wales,17
Aberporth,Wales,14.8
Aberporth,Wales,12.6
Aberporth,Wales,9.3
Aberporth,Wales,8.4
Aberporth,Wales,7.5
Aberporth,Wales,11.6
Aberporth,Wales,9.8
Aberporth,Wales,14.3
Aberporth,Wales,15.7
Aberporth,Wales,16.6
Aberporth,Wales,18.4
Aberporth,Wales,15.3
Aberporth,Wales,12.7
Aberporth,Wales,9.6
Aberporth,Wales,8.4
Aberporth,Wales,6.8
Aberporth,Wales,6.7
Aberporth,Wales,6.6
Aberporth,Wales,10.3
Aberporth,Wales,12.2
Aberporth,Wales,15.9
Aberporth,Wales,20.7
Aberporth,Wales,18.6
Aberporth,Wales,16.8
Aberporth,Wales,14.8
Aberporth,Wales,10
Aberporth,Wales,9.6
Aberporth,Wales,8.4
Aberporth,Wales,8.3
Aberporth,Wales,10.5
Aberporth,Wales,12.7
Aberporth,Wales,14.3
Aberporth,Wales,17.1
Aberporth,Wales,19.3
Aberporth,Wales,17.5
Aberporth,Wales,18.3
Aberporth,Wales,14.7
Aberporth,Wales,11.2
Aberporth,Wales,8.9
Aberporth,Wales,7.7
Aberporth,Wales,6.9
Aberporth,Wales,8.8
Aberporth,Wales,12.8
Aberporth,Wales,12.9
Aberporth,Wales,16.7
Aberporth,Wales,17.8
Aberporth,Wales,17.6
Aberporth,Wales,16
Aberporth,Wales,13.9
Aberporth,Wales,12.6
Aberporth,Wales,11.8
Aberporth,Wales,8.9
Aberporth,Wales,7.8
Aberporth,Wales,8.7
Aberporth,Wales,10.2
Aberporth,Wales,15.2
Aberporth,Wales,17
Aberporth,Wales,18.3
Aberporth,Wales,18.9
Aberporth,Wales,17.9
Aberporth,Wales,14.1
Aberporth,Wales,9.4
Aberporth,Wales,10
Aberporth,Wales,7.9
Aberporth,Wales,8.8
Aberporth,Wales,11.1
Aberporth,Wales,11.5
Aberporth,Wales,16.2
Aberporth,Wales,17.8
Aberporth,Wales,18.3
Aberporth,Wales,17.6
Aberporth,Wales,15.9
Aberporth,Wales,14.6
Aberporth,Wales,10.7
Aberporth,Wales,8.6
Aberporth,Wales,8.4
Aberporth,Wales,6.3
Aberporth,Wales,7.7
Aberporth,Wales,12.1
Aberporth,Wales,15.3
Aberporth,Wales,19.1
Aberporth,Wales,20.3
Aberporth,Wales,18.5
Aberporth,Wales,16
Aberporth,Wales,13.5
Aberporth,Wales,10.9
Aberporth,Wales,9.9
Aberporth,Wales,7.3
Aberporth,Wales,11
Aberporth,Wales,10.1
Aberporth,Wales,13.3
Aberporth,Wales,14.2
Aberporth,Wales,16.3
Aberporth,Wales,19.2
Aberporth,Wales,19.4
Aberporth,Wales,17.2
Aberporth,Wales,13.1
Aberporth,Wales,9.3
Aberporth,Wales,9.1
Aberporth,Wales,8.9
Aberporth,Wales,9
Aberporth,Wales,9.9
Aberporth,Wales,14.8
Aberporth,Wales,16.8
Aberporth,Wales,17
Aberporth,Wales,17.2
Aberporth,Wales,18.6
Aberporth,Wales,17.2
Aberporth,Wales,12.8
Aberporth,Wales,11.7
Aberporth,Wales,8.6
Aberporth,Wales,6.9
Aberporth,Wales,7.9
Aberporth,Wales,9.8
Aberporth,Wales,10.9
Aberporth,Wales,12.7
Aberporth,Wales,17.4
Aberporth,Wales,19.2
Aberporth,Wales,17.8
Aberporth,Wales,18.3
Aberporth,Wales,14.5
Aberporth,Wales,10.9
Aberporth,Wales,10
Armagh,Northern Ireland,9.6
Armagh,Northern Ireland,9.5
Armagh,Northern Ireland,10.9
Armagh,Northern Ireland,16.4
Armagh,Northern Ireland,16.4
Armagh,Northern Ireland,18.7
Armagh,Northern Ireland,18.8
Armagh,Northern Ireland,18.9
Armagh,Northern Ireland,17.2
Armagh,Northern Ireland,15.6
Armagh,Northern Ireland,11.5
Armagh,Northern Ireland,9.6
Armagh,Northern Ireland,8.8
Armagh,Northern Ireland,10.2
Armagh,Northern Ireland,10.1
Armagh,Northern Ireland,12.8
Armagh,Northern Ireland,18.3
Armagh,Northern Ireland,18.1
Armagh,Northern Ireland,19.6
Armagh,Northern Ireland,18.6
Armagh,Northern Ireland,16.3
Armagh,Northern Ireland,12.5
Armagh,Northern Ireland,9.5
Armagh,Northern Ireland,7.3
Armagh,Northern Ireland,6.9
Armagh,Northern Ireland,8.1
Armagh,Northern Ireland,11.1
Armagh,Northern Ireland,13.5
Armagh,Northern Ireland,15.4
Armagh,Northern Ireland,19.7
Armagh,Northern Ireland,19.5
Armagh,Northern Ireland,18.9
Armagh,Northern Ireland,17.4
Armagh,Northern Ireland,14.7
Armagh,Northern Ireland,10.5
Armagh,Northern Ireland,5.8
Armagh,Northern Ireland,4.9
Armagh,Northern Ireland,6.2
Armagh,Northern Ireland,10.5
Armagh,Northern Ireland,14.2
Armagh,Northern Ireland,15.7
Armagh,Northern Ireland,20.1
Armagh,Northern Ireland,19.6
Armagh,Northern Ireland,18.6
Armagh,Northern Ireland,17.3
Armagh,Northern Ireland,14.1
Armagh,Northern Ireland,8.3
Armagh,Northern Ireland,3
Armagh,Northern Ireland,6.4
Armagh,Northern Ireland,10.3
Armagh,Northern Ireland,11.1
Armagh,Northern Ireland,16.6
Armagh,Northern Ireland,15.1
Armagh,Northern Ireland,17
Armagh,Northern Ireland,19
Armagh,Northern Ireland,18.5
Armagh,Northern Ireland,17.2
Armagh,Northern Ireland,14.2
Armagh,Northern Ireland,12.5
Armagh,Northern Ireland,8.2
Armagh,Northern Ireland,8.8
Armagh,Northern Ireland,9.4
Armagh,Northern Ireland,13
Armagh,Northern Ireland,11.4
Armagh,Northern Ireland,15.9
Armagh,Northern Ireland,16.5
Armagh,Northern Ireland,18.2
Armagh,Northern Ireland,20
Armagh,Northern Ireland,16.5
Armagh,Northern Ireland,12.5
Armagh,Northern Ireland,9.3
Armagh,Northern Ireland,8
Armagh,Northern Ireland,7.6
Armagh,Northern Ireland,7.9
Armagh,Northern Ireland,6.4
Armagh,Northern Ireland,11.5
Armagh,Northern Ireland,14.9
Armagh,Northern Ireland,18.8
Armagh,Northern Ireland,23.1
Armagh,Northern Ireland,19.7
Armagh,Northern Ireland,17.4
Armagh,Northern Ireland,15
Armagh,Northern Ireland,9.7
Armagh,Northern Ireland,9.5
Armagh,Northern Ireland,7.8
Armagh,Northern Ireland,8.5
Armagh,Northern Ireland,10.6
Armagh,Northern Ireland,14.8
Armagh,Northern Ireland,16.2
Armagh,Northern Ireland,19.1
Armagh,Northern Ireland,21.4
Armagh,Northern Ireland,18.2
Armagh,Northern Ireland,19
Armagh,Northern Ireland,14.8
Armagh,Northern Ireland,10.7
Armagh,Northern Ireland,7.9
Armagh,Northern Ireland,7.5
Armagh,Northern Ireland,7.9
Armagh,Northern Ireland,10.5
Armagh,Northern Ireland,14.1
Armagh,Northern Ireland,14
Armagh,Northern Ireland,18
Armagh,Northern Ireland,18.3
Armagh,Northern Ireland,18.7
Armagh,Northern Ireland,16.9
Armagh,Northern Ireland,14.5
Armagh,Northern Ireland,11.9
Armagh,Northern Ireland,10.8
Armagh,Northern Ireland,8.4
Armagh,Northern Ireland,8.2
Armagh,Northern Ireland,10.7
Armagh,Northern Ireland,11.3
Armagh,Northern Ireland,17.1
Armagh,Northern Ireland,19.3
Armagh,Northern Ireland,19.5
Armagh,Northern Ireland,19.6
Armagh,Northern Ireland,18.2
Armagh,Northern Ireland,14.2
Armagh,Northern Ireland,8.8
Armagh,Northern Ireland,10
Armagh,Northern Ireland,8.4
Armagh,Northern Ireland,9.2
Armagh,Northern Ireland,12.2
Armagh,Northern Ireland,12.9
Armagh,Northern Ireland,18.5
Armagh,Northern Ireland,18.7
Armagh,Northern Ireland,19.8
Armagh,Northern Ireland,19.1
Armagh,Northern Ireland,16.7
Armagh,Northern Ireland,14.8
Armagh,Northern Ireland,9.6
Armagh,Northern Ireland,7.8
Armagh,Northern Ireland,7.2
Armagh,Northern Ireland,7.1
Armagh,Northern Ireland,8.2
Armagh,Northern Ireland,12.8
Armagh,Northern Ireland,17.9
Armagh,Northern Ireland,21.9
Armagh,Northern Ireland,21.6
Armagh,Northern Ireland,19.1
Armagh,Northern Ireland,16.5
Armagh,Northern Ireland,13
Armagh,Northern Ireland,10.2
Armagh,Northern Ireland,9
Armagh,Northern Ireland,7.9
Armagh,Northern Ireland,11.2
Armagh,Northern Ireland,10.9
Armagh,Northern Ireland,13.5
Armagh,Northern Ireland,15.5
Armagh,Northern Ireland,18
Armagh,Northern Ireland,20.9
Armagh,Northern Ireland,20.1
Armagh,Northern Ireland,17.9
Armagh,Northern Ireland,13
Armagh,Northern Ireland,9.1
Armagh,Northern Ireland,8.4
Armagh,Northern Ireland,8.8
Armagh,Northern Ireland,8.5
Armagh,Northern Ireland,10.4
Armagh,Northern Ireland,15.6
Armagh,Northern Ireland,17.6
Armagh,Northern Ireland,18.7
Armagh,Northern Ireland,18.1
Armagh,Northern Ireland,19.7
Armagh,Northern Ireland,17.8
Armagh,Northern Ireland,13.5
Armagh,Northern Ireland,11.2
Armagh,Northern Ireland,7.5
Armagh,Northern Ireland,6.1
Armagh,Northern Ireland,8.9
Armagh,Northern Ireland,11.2
Armagh,Northern Ireland,12.8
Armagh,Northern Ireland,15
Armagh,Northern Ireland,19.7
Armagh,Northern Ireland,22.7
Armagh,Northern Ireland,19.9
Armagh,Northern Ireland,18.8
Armagh,Northern Ireland,14.9
Armagh,Northern Ireland,10.5
Armagh,Northern Ireland,8.8
Bradford,England N,9.3
Bradford,England N,8.6
Bradford,England N,10.3
Bradford,England N,15.1
Bradford,England N,15.3
Bradford,England N,18.1
Bradford,England N,18.4
Bradford,England N,19.2
Bradford,England N,17.2
Bradford,England N,14.1
Bradford,England N,10.5
Bradford,England N,7.1
Bradford,England N,8.9
Bradford,England N,9
Bradford,England N,8.7
Bradford,England N,11
Bradford,England N,17.1
Bradford,England N,17.7
Bradford,England N,19.8
Bradford,England N,19.1
Bradford,England N,16.7
Bradford,England N,12.7
Bradford,England N,8.5
Bradford,England N,5.7
Bradford,England N,5.7
Bradford,England N,6.1
Bradford,England N,10
Bradford,England N,13.9
Bradford,England N,15.4
Bradford,England N,18.9
Bradford,England N,19.4
Bradford,England N,19.9
Bradford,England N,16.9
Bradford,England N,14
Bradford,England N,10
Bradford,England N,5.1
Bradford,England N,2.9
Bradford,England N,4
Bradford,England N,9.3
Bradford,England N,13
Bradford,England N,14.7
Bradford,England N,19.7
Bradford,England N,20
Bradford,England N,18.8
Bradford,England N,17.3
Bradford,England N,13.1
Bradford,England N,7.3
Bradford,England N,2.3
Bradford,England N,5.9
Bradford,England N,8.5
Bradford,England N,10
Bradford,England N,16.2
Bradford,England N,15.4
Bradford,England N,18.2
Bradford,England N,19.5
Bradford,England N,18.6
Bradford,England N,18.3
Bradford,England N,15.1
Bradford,England N,11.3
Bradford,England N,7.7
Bradford,England N,7.4
Bradford,England N,6.8
Bradford,England N,12.6
Bradford,England N,10.1
Bradford,England N,15.7
Bradford,England N,16.5
Bradford,England N,18.6
Bradford,England N,19.8
Bradford,England N,16
Bradford,England N,11.8
Bradford,England N,9.1
Bradford,England N,6.6
Bradford,England N,5.2
Bradford,England N,5.2
Bradford,England N,4.4
Bradford,England N,11.1
Bradford,England N,14.7
Bradford,England N,17.8
Bradford,England N,23.1
Bradford,England N,20.6
Bradford,England N,16.7
Bradford,England N,14.5
Bradford,England N,8.9
Bradford,England N,9.1
Bradford,England N,7.6
Bradford,England N,8.3
Bradford,England N,10.7
Bradford,England N,13.7
Bradford,England N,15.8
Bradford,England N,19
Bradford,England N,22.2
Bradford,England N,18.1
Bradford,England N,18
Bradford,England N,14.8
Bradford,England N,10.4
Bradford,England N,7.6
Bradford,England N,6.3
Bradford,England N,6.6
Bradford,England N,9.3
Bradford,England N,13.5
Bradford,England N,13.8
Bradford,England N,18.1
Bradford,England N,19.4
Bradford,England N,19.7
Bradford,England N,16.1
Bradford,England N,13.8
Bradford,England N,11.6
Bradford,England N,11.5
Bradford,England N,7.5
Bradford,England N,7.4
Bradford,England N,8.8
Bradford,England N,10.9
Bradford,England N,16.3
Bradford,England N,18.3
Bradford,England N,19.9
Bradford,England N,19.7
Bradford,England N,19.4
Bradford,England N,13.6
Bradford,England N,7.8
Bradford,England N,9.2
Bradford,England N,6.6
Bradford,England N,8
Bradford,England N,11.5
Bradford,England N,12.7
Bradford,England N,17.1
Bradford,England N,18.9
Bradford,England N,19.9
Bradford,England N,19
Bradford,England N,16.6
Bradford,England N,14.8
Bradford,England N,9.5
Bradford,England N,7
Bradford,England N,6.9
Bradford,England N,5.2
Bradford,England N,7
Bradford,England N,12.6
Bradford,England N,18.6
Bradford,England N,20.6
Bradford,England N,24.3
Bradford,England N,20.2
Bradford,England N,16.9
Bradford,England N,13.9
Bradford,England N,10.1
Bradford,England N,8.6
Bradford,England N,6.2
Bradford,England N,11.1
Bradford,England N,10.6
Bradford,England N,13.5
Bradford,England N,15.2
Bradford,England N,17.6
Bradford,England N,21.7
Bradford,England N,20.4
Bradford,England N,17.1
Bradford,England N,12
Bradford,England N,7.6
Bradford,England N,8
Bradford,England N,8.8
Bradford,England N,8.5
Bradford,England N,10.3
Bradford,England N,14.8
Bradford,England N,17.1
Bradford,England N,18.4
Bradford,England N,18.2
Bradford,England N,19.9
Bradford,England N,17.2
Bradford,England N,13.1
Bradford,England N,10.8
Bradford,England N,7
Bradford,England N,5
Bradford,England N,7.2
Bradford,England N,10.4
Bradford,England N,11.2
Bradford,England N,14.1
Bradford,England N,19.9
Bradford,England N,21.8
Bradford,England N,19.1
Bradford,England N,19.1
Bradford,England N,14.7
Bradford,England N,10.3
Bradford,England N,7.6
Camborne,England S,10.5
Camborne,England S,10.3
Camborne,England S,10.8
Camborne,England S,14.7
Camborne,England S,14.7
Camborne,England S,17.3
Camborne,England S,17.2
Camborne,England S,18.1
Camborne,England S,17.3
Camborne,England S,15.2
Camborne,England S,11.9
Camborne,England S,10.5
Camborne,England S,10.5
Camborne,England S,10.3
Camborne,England S,10
Camborne,England S,11.1
Camborne,England S,16.3
Camborne,England S,16.1
Camborne,England S,17.7
Camborne,England S,18
Camborne,England S,16.7
Camborne,England S,13.6
Camborne,England S,10.9
Camborne,England S,8.8
Camborne,England S,8.1
Camborne,England S,8
Camborne,England S,10.6
Camborne,England S,12.2
Camborne,England S,14.4
Camborne,England S,18.2
Camborne,England S,17.9
Camborne,England S,18.2
Camborne,England S,16.8
Camborne,England S,15.2
Camborne,England S,12.3
Camborne,England S,8.6
Camborne,England S,6.7
Camborne,England S,7.7
Camborne,England S,9.4
Camborne,England S,12.3
Camborne,England S,14.1
Camborne,England S,17.9
Camborne,England S,18.6
Camborne,England S,18.1
Camborne,England S,17.3
Camborne,England S,14.7
Camborne,England S,10.2
Camborne,England S,6.3
Camborne,England S,8.1
Camborne,England S,10.3
Camborne,England S,10.9
Camborne,England S,15
Camborne,England S,14.6
Camborne,England S,15.9
Camborne,England S,17.6
Camborne,England S,17.6
Camborne,England S,17.6
Camborne,England S,15.5
Camborne,England S,13.4
Camborne,England S,10.3
Camborne,England S,9.9
Camborne,England S,8.8
Camborne,England S,11.9
Camborne,England S,10.7
Camborne,England S,14.5
Camborne,England S,15.7
Camborne,England S,17.3
Camborne,England S,19
Camborne,England S,16.4
Camborne,England S,14
Camborne,England S,11
Camborne,England S,10
Camborne,England S,8.9
Camborne,England S,7.7
Camborne,England S,7.5
Camborne,England S,10.3
Camborne,England S,12.5
Camborne,England S,15.9
Camborne,England S,20.8
Camborne,England S,19.2
Camborne,England S,17.3
Camborne,England S,15.8
Camborne,England S,11
Camborne,England S,10.7
Camborne,England S,10
Camborne,England S,9.6
Camborne,England S,10.3
Camborne,England S,12.3
Camborne,England S,14.5
Camborne,England S,17.8
Camborne,England S,20.3
Camborne,England S,18.6
Camborne,England S,19.2
Camborne,England S,16
Camborne,England S,12.6
Camborne,England S,10
Camborne,England S,9.6
Camborne,England S,8.3
Camborne,England S,10
Camborne,England S,13
Camborne,England S,13.6
Camborne,England S,16.8
Camborne,England S,18.2
Camborne,England S,17.9
Camborne,England S,16.2
Camborne,England S,14.8
Camborne,England S,13.2
Camborne,England S,12.7
Camborne,England S,10.4
Camborne,England S,9.1
Camborne,England S,9.6
Camborne,England S,11
Camborne,England S,14.9
Camborne,England S,17
Camborne,England S,18.9
Camborne,England S,19.4
Camborne,England S,18.1
Camborne,England S,14.9
Camborne,England S,11.1
Camborne,England S,11.3
Camborne,England S,9.2
Camborne,England S,10.1
Camborne,England S,11.5
Camborne,England S,12.6
Camborne,England S,15.5
Camborne,England S,18
Camborne,England S,18.7
Camborne,England S,18.1
Camborne,England S,16.2
Camborne,England S,15.2
Camborne,England S,11.6
Camborne,England S,10.2
Camborne,England S,10.2
Camborne,England S,7.3
Camborne,England S,8.8
Camborne,England S,12.8
Camborne,England S,15.5
Camborne,England S,19.7
Camborne,England S,21.5
Camborne,England S,19.5
Camborne,England S,17.8
Camborne,England S,14.4
Camborne,England S,12
Camborne,England S,11.4
Camborne,England S,8.8
Camborne,England S,11.3
Camborne,England S,11.2
Camborne,England S,13.2
Camborne,England S,14.4
Camborne,England S,16.5
Camborne,England S,20.1
Camborne,England S,19.3
Camborne,England S,17.4
Camborne,England S,14.4
Camborne,England S,10.8
Camborne,England S,10.6
Camborne,England S,10
Camborne,England S,10.3
Camborne,England S,10.6
Camborne,England S,14.6
Camborne,England S,16.4
Camborne,England S,17.1
Camborne,England S,18.1
Camborne,England S,19.1
Camborne,England S,17.7
Camborne,England S,13.6
Camborne,England S,12.4
Camborne,England S,10
Camborne,England S,8.5
Camborne,England S,9.3
Camborne,England S,10.6
Camborne,England S,11.6
Camborne,England S,13.2
Camborne,England S,17.4
Camborne,England S,20
Camborne,England S,18.7
Camborne,England S,18.8
Camborne,England S,15.4
Camborne,England S,11.6
Camborne,England S,11.2
Eastbourne,England S,10.3
Eastbourne,England S,10.2
Eastbourne,England S,11.7
Eastbourne,England S,17.1
Eastbourne,England S,16.6
Eastbourne,England S,19.5
Eastbourne,England S,19.8
Eastbourne,England S,20.8
Eastbourne,England S,19.2
Eastbourne,England S,15.9
Eastbourne,England S,12.1
Eastbourne,England S,9.7
Eastbourne,England S,10.4
Eastbourne,England S,10.3
Eastbourne,England S,10.5
Eastbourne,England S,13.6
Eastbourne,England S,18.9
Eastbourne,England S,19.4
Eastbourne,England S,20.9
Eastbourne,England S,20
Eastbourne,England S,18.3
Eastbourne,England S,15
Eastbourne,England S,11.8
Eastbourne,England S,7.9
Eastbourne,England S,6.7
Eastbourne,England S,8.7
Eastbourne,England S,11.4
Eastbourne,England S,14.4
Eastbourne,England S,17.1
Eastbourne,England S,19.8
Eastbourne,England S,20.6
Eastbourne,England S,21.9
Eastbourne,England S,19.9
Eastbourne,England S,16.2
Eastbourne,England S,13.3
Eastbourne,England S,8.5
Eastbourne,England S,5.3
Eastbourne,England S,7.1
Eastbourne,England S,9.8
Eastbourne,England S,13.7
Eastbourne,England S,15
Eastbourne,England S,20.2
Eastbourne,England S,22
Eastbourne,England S,20.6
Eastbourne,England S,18.7
Eastbourne,England S,15.5
Eastbourne,England S,10.1
Eastbourne,England S,4.8
Eastbourne,England S,7.8
Eastbourne,England S,9.3
Eastbourne,England S,10.6
Eastbourne,England S,17.3
Eastbourne,England S,16.7
Eastbourne,England S,19
Eastbourne,England S,20.1
Eastbourne,England S,20.2
Eastbourne,England S,19.7
Eastbourne,England S,16.8
Eastbourne,England S,13.9
Eastbourne,England S,10.7
Eastbourne,England S,9.8
Eastbourne,England S,7.3
Eastbourne,England S,12.6
Eastbourne,England S,12.3
Eastbourne,England S,16.8
Eastbourne,England S,17.7
Eastbourne,England S,19.8
Eastbourne,England S,21.4
Eastbourne,England S,18.8
Eastbourne,England S,14.8
Eastbourne,England S,11.4
Eastbourne,England S,9.6
Eastbourne,England S,7.3
Eastbourne,England S,6.4
Eastbourne,England S,6.8
Eastbourne,England S,11.3
Eastbourne,England S,15.1
Eastbourne,England S,18.1
Eastbourne,England S,22.5
Eastbourne,England S,22
Eastbourne,England S,19
Eastbourne,England S,16.7
Eastbourne,England S,11.1
Eastbourne,England S,10.8
Eastbourne,England S,10.4
Eastbourne,England S,10.5
Eastbourne,England S,12.5
Eastbourne,England S,14.7
Eastbourne,England S,15.4
Eastbourne,England S,20.2
Eastbourne,England S,22.3
Eastbourne,England S,20.5
Eastbourne,England S,20.6
Eastbourne,England S,17.6
Eastbourne,England S,13.1
Eastbourne,England S,9.5
Eastbourne,England S,9.1
Eastbourne,England S,8.6
Eastbourne,England S,10.8
Eastbourne,England S,14.4
Eastbourne,England S,15.3
Eastbourne,England S,19.6
Eastbourne,England S,20.5
Eastbourne,England S,21
Eastbourne,England S,18.2
Eastbourne,England S,15.5
Eastbourne,England S,13.8
Eastbourne,England S,13.5
Eastbourne,England S,9.9
Eastbourne,England S,9.8
Eastbourne,England S,10.6
Eastbourne,England S,12.7
Eastbourne,England S,17
Eastbourne,England S,19.1
Eastbourne,England S,21.2
Eastbourne,England S,21.9
Eastbourne,England S,21.3
Eastbourne,England S,16.2
Eastbourne,England S,11.9
Eastbourne,England S,10.9
Eastbourne,England S,8
Eastbourne,England S,9.6
Eastbourne,England S,13
Eastbourne,England S,14.5
Eastbourne,England S,17.4
Eastbourne,England S,20.6
Eastbourne,England S,21.9
Eastbourne,England S,21.4
Eastbourne,England S,18.9
Eastbourne,England S,16.3
Eastbourne,England S,11.4
Eastbourne,England S,9
Eastbourne,England S,9.5
Eastbourne,England S,6.5
Eastbourne,England S,8.4
Eastbourne,England S,13.7
Eastbourne,England S,18.4
Eastbourne,England S,20.4
Eastbourne,England S,24.8
Eastbourne,England S,22.4
Eastbourne,England S,19.4
Eastbourne,England S,16.7
Eastbourne,England S,12.1
Eastbourne,England S,10.7
Eastbourne,England S,7.8
Eastbourne,England S,10.6
Eastbourne,England S,12.2
Eastbourne,England S,14.1
Eastbourne,England S,16.4
Eastbourne,England S,18.9
Eastbourne,England S,22.2
Eastbourne,England S,22.2
Eastbourne,England S,20.3
Eastbourne,England S,15.4
Eastbourne,England S,10.9
Eastbourne,England S,10.3
Eastbourne,England S,10
Eastbourne,England S,10.4
Eastbourne,England S,10.3
Eastbourne,England S,15.1
Eastbourne,England S,18.2
Eastbourne,England S,20.2
Eastbourne,England S,21.5
Eastbourne,England S,23.2
Eastbourne,England S,20.5
Eastbourne,England S,15
Eastbourne,England S,13.3
Eastbourne,England S,9.5
Eastbourne,England S,7.5
Eastbourne,England S,8.4
Eastbourne,England S,10.6
Eastbourne,England S,11.1
Eastbourne,England S,14.2
Eastbourne,England S,19.5
Eastbourne,England S,21.2
Eastbourne,England S,19.7
Eastbourne,England S,20.7
Eastbourne,England S,16.3
Eastbourne,England S,11.8
Eastbourne,England S,10.2
Eskdalemuir,Scotland,7.4
Eskdalemuir,Scotland,7
Eskdalemuir,Scotland,8.7
Eskdalemuir,Scotland,14.1
Eskdalemuir,Scotland,13.4
Eskdalemuir,Scotland,16.9
Eskdalemuir,Scotland,17.2
Eskdalemuir,Scotland,17.4
Eskdalemuir,Scotland,15.7
Eskdalemuir,Scotland,13.2
Eskdalemuir,Scotland,9
Eskdalemuir,Scotland,5.7
Eskdalemuir,Scotland,6.1
Eskdalemuir,Scotland,8.2
Eskdalemuir,Scotland,7.3
Eskdalemuir,Scotland,9.7
Eskdalemuir,Scotland,16.4
Eskdalemuir,Scotland,16.3
Eskdalemuir,Scotland,18.7
Eskdalemuir,Scotland,17
Eskdalemuir,Scotland,14.4
Eskdalemuir,Scotland,10.6
Eskdalemuir,Scotland,7.5
Eskdalemuir,Scotland,4.8
Eskdalemuir,Scotland,4.3
Eskdalemuir,Scotland,5.4
Eskdalemuir,Scotland,8.3
Eskdalemuir,Scotland,12.6
Eskdalemuir,Scotland,14.2
Eskdalemuir,Scotland,18.1
Eskdalemuir,Scotland,18.4
Eskdalemuir,Scotland,17.5
Eskdalemuir,Scotland,15.6
Eskdalemuir,Scotland,12.5
Eskdalemuir,Scotland,8.2
Eskdalemuir,Scotland,3.3
Eskdalemuir,Scotland,2.2
Eskdalemuir,Scotland,3.8
Eskdalemuir,Scotland,7.9
Eskdalemuir,Scotland,11.7
Eskdalemuir,Scotland,13.6
Eskdalemuir,Scotland,18.7
Eskdalemuir,Scotland,17
Eskdalemuir,Scotland,17.5
Eskdalemuir,Scotland,15.9
Eskdalemuir,Scotland,11.5
Eskdalemuir,Scotland,5.6
Eskdalemuir,Scotland,1.4
Eskdalemuir,Scotland,4.4
Eskdalemuir,Scotland,6.6
Eskdalemuir,Scotland,8.2
Eskdalemuir,Scotland,14.7
Eskdalemuir,Scotland,13.4
Eskdalemuir,Scotland,15.3
Eskdalemuir,Scotland,18.3
Eskdalemuir,Scotland,16.2
Eskdalemuir,Scotland,15.2
Eskdalemuir,Scotland,12.4
Eskdalemuir,Scotland,10.5
Eskdalemuir,Scotland,6
Eskdalemuir,Scotland,5.9
Eskdalemuir,Scotland,6
Eskdalemuir,Scotland,11.6
Eskdalemuir,Scotland,9.2
Eskdalemuir,Scotland,14.5
Eskdalemuir,Scotland,14.4
Eskdalemuir,Scotland,16.1
Eskdalemuir,Scotland,18
Eskdalemuir,Scotland,14
Eskdalemuir,Scotland,10.2
Eskdalemuir,Scotland,7.2
Eskdalemuir,Scotland,5.1
Eskdalemuir,Scotland,4.4
Eskdalemuir,Scotland,5.1
Eskdalemuir,Scotland,3.9
Eskdalemuir,Scotland,8.9
Eskdalemuir,Scotland,13.1
Eskdalemuir,Scotland,16.9
Eskdalemuir,Scotland,21.4
Eskdalemuir,Scotland,17.8
Eskdalemuir,Scotland,14.9
Eskdalemuir,Scotland,12.6
Eskdalemuir,Scotland,7.4
Eskdalemuir,Scotland,7.5
Eskdalemuir,Scotland,5.7
Eskdalemuir,Scotland,5.8
Eskdalemuir,Scotland,8.7
Eskdalemuir,Scotland,12
Eskdalemuir,Scotland,13.9
Eskdalemuir,Scotland,17.8
Eskdalemuir,Scotland,20
Eskdalemuir,Scotland,16.5
Eskdalemuir,Scotland,17
Eskdalemuir,Scotland,12.4
Eskdalemuir,Scotland,9
Eskdalemuir,Scotland,5.6
Eskdalemuir,Scotland,5
Eskdalemuir,Scotland,5.5
Eskdalemuir,Scotland,7.4
Eskdalemuir,Scotland,11.8
Eskdalemuir,Scotland,11.9
Eskdalemuir,Scotland,15.7
Eskdalemuir,Scotland,16.5
Eskdalemuir,Scotland,17
Eskdalemuir,Scotland,15.7
Eskdalemuir,Scotland,12.7
Eskdalemuir,Scotland,9.4
Eskdalemuir,Scotland,8.6
Eskdalemuir,Scotland,5.3
Eskdalemuir,Scotland,5.4
Eskdalemuir,Scotland,8.1
Eskdalemuir,Scotland,9.2
Eskdalemuir,Scotland,14.7
Eskdalemuir,Scotland,17.6
Eskdalemuir,Scotland,17.1
Eskdalemuir,Scotland,17.7
Eskdalemuir,Scotland,16.1
Eskdalemuir,Scotland,12.1
Eskdalemuir,Scotland,6.4
Eskdalemuir,Scotland,7.9
Eskdalemuir,Scotland,5.9
Eskdalemuir,Scotland,6.4
Eskdalemuir,Scotland,9.6
Eskdalemuir,Scotland,11.1
Eskdalemuir,Scotland,16
Eskdalemuir,Scotland,16.4
Eskdalemuir,Scotland,17.1
Eskdalemuir,Scotland,16.6
Eskdalemuir,Scotland,14.6
Eskdalemuir,Scotland,12.9
Eskdalemuir,Scotland,7.2
Eskdalemuir,Scotland,5.7
Eskdalemuir,Scotland,4.6
Eskdalemuir,Scotland,4.5
Eskdalemuir,Scotland,5.4
Eskdalemuir,Scotland,10.1
Eskdalemuir,Scotland,16.3
Eskdalemuir,Scotland,19.7
Eskdalemuir,Scotland,20.7
Eskdalemuir,Scotland,17.1
Eskdalemuir,Scotland,14.4
Eskdalemuir,Scotland,11.9
Eskdalemuir,Scotland,8.8
Eskdalemuir,Scotland,7
Eskdalemuir,Scotland,5.3
Eskdalemuir,Scotland,8.6
Eskdalemuir,Scotland,8.4
Eskdalemuir,Scotland,12.5
Eskdalemuir,Scotland,13.9
Eskdalemuir,Scotland,16.2
Eskdalemuir,Scotland,19.5
Eskdalemuir,Scotland,18.2
Eskdalemuir,Scotland,15.5
Eskdalemuir,Scotland,10.6
Eskdalemuir,Scotland,6.7
Eskdalemuir,Scotland,6.5
Eskdalemuir,Scotland,6.8
Eskdalemuir,Scotland,6
Eskdalemuir,Scotland,8.1
Eskdalemuir,Scotland,13.3
Eskdalemuir,Scotland,15.4
Eskdalemuir,Scotland,17.2
Eskdalemuir,Scotland,16.6
Eskdalemuir,Scotland,17.9
Eskdalemuir,Scotland,15.1
Eskdalemuir,Scotland,11.4
Eskdalemuir,Scotland,9.5
Eskdalemuir,Scotland,5.5
Eskdalemuir,Scotland,3.1
Eskdalemuir,Scotland,5.2
Eskdalemuir,Scotland,9
Eskdalemuir,Scotland,10.8
Eskdalemuir,Scotland,12.8
Eskdalemuir,Scotland,17.9
Eskdalemuir,Scotland,21.6
Eskdalemuir,Scotland,18.5
Eskdalemuir,Scotland,17.1
Eskdalemuir,Scotland,12.3
Eskdalemuir,Scotland,9.1
Eskdalemuir,Scotland,6.1
Heathrow,England S,10.5
Heathrow,England S,9.9
Heathrow,England S,12.5
Heathrow,England S,18.9
Heathrow,England S,17.9
Heathrow,England S,21.2
Heathrow,England S,21.4
Heathrow,England S,21.5
Heathrow,England S,19.9
Heathrow,England S,15.4
Heathrow,England S,11.4
Heathrow,England S,8.9
Heathrow,England S,10.4
Heathrow,England S,11
Heathrow,England S,10.6
Heathrow,England S,13.7
Heathrow,England S,19.8
Heathrow,England S,20.8
Heathrow,England S,22.8
Heathrow,England S,21.5
Heathrow,England S,18.5
Heathrow,England S,15
Heathrow,England S,10.7
Heathrow,England S,7.3
Heathrow,England S,6.8
Heathrow,England S,7.8
Heathrow,England S,12.9
Heathrow,England S,16.1
Heathrow,England S,19.1
Heathrow,England S,22.4
Heathrow,England S,23
Heathrow,England S,23.9
Heathrow,England S,20.5
Heathrow,England S,16.3
Heathrow,England S,12.6
Heathrow,England S,7
Heathrow,England S,4.5
Heathrow,England S,6.9
Heathrow,England S,11.1
Heathrow,England S,15.8
Heathrow,England S,17.3
Heathrow,England S,23.5
Heathrow,England S,25
Heathrow,England S,21.6
Heathrow,England S,19.4
Heathrow,England S,15.2
Heathrow,England S,9.1
Heathrow,England S,3.9
Heathrow,England S,7.4
Heathrow,England S,10.2
Heathrow,England S,12.3
Heathrow,England S,19.7
Heathrow,England S,19.4
Heathrow,England S,20.7
Heathrow,England S,21.7
Heathrow,England S,21.8
Heathrow,England S,21.3
Heathrow,England S,18.1
Heathrow,England S,13.6
Heathrow,England S,9.9
Heathrow,England S,9.8
Heathrow,England S,8
Heathrow,England S,14.7
Heathrow,England S,13.3
Heathrow,England S,18.2
Heathrow,England S,19.4
Heathrow,England S,21.3
Heathrow,England S,23.5
Heathrow,England S,20
Heathrow,England S,14.2
Heathrow,England S,11
Heathrow,England S,9
Heathrow,England S,6.5
Heathrow,England S,6.7
Heathrow,England S,6.9
Heathrow,England S,13.5
Heathrow,England S,16.4
Heathrow,England S,20.3
Heathrow,England S,27
Heathrow,England S,24.3
Heathrow,England S,19.7
Heathrow,England S,17
Heathrow,England S,10.4
Heathrow,England S,10.2
Heathrow,England S,10
Heathrow,England S,10.6
Heathrow,England S,14.1
Heathrow,England S,16.1
Heathrow,England S,18
Heathrow,England S,22.1
Heathrow,England S,25.8
Heathrow,England S,21.7
Heathrow,England S,21.5
Heathrow,England S,17.6
Heathrow,England S,12.5
Heathrow,England S,9.2
Heathrow,England S,8.8
Heathrow,England S,8
Heathrow,England S,11.6
Heathrow,England S,16.3
Heathrow,England S,17.6
Heathrow,England S,22.2
Heathrow,England S,23.7
Heathrow,England S,22.2
Heathrow,England S,18.6
Heathrow,England S,15.8
Heathrow,England S,13.4
Heathrow,England S,13.7
Heathrow,England S,9.5
Heathrow,England S,9.4
Heathrow,England S,10.7
Heathrow,England S,13.5
Heathrow,England S,19
Heathrow,England S,20.7
Heathrow,England S,24
Heathrow,England S,24.7
Heathrow,England S,22.4
Heathrow,England S,15.9
Heathrow,England S,10.5
Heathrow,England S,10.2
Heathrow,England S,7.6
Heathrow,England S,10
Heathrow,England S,14.1
Heathrow,England S,15.8
Heathrow,England S,19.8
Heathrow,England S,24
Heathrow,England S,23.8
Heathrow,England S,22
Heathrow,England S,19.2
Heathrow,England S,17.1
Heathrow,England S,11.1
Heathrow,England S,8.7
Heathrow,England S,9.7
Heathrow,England S,6.7
Heathrow,England S,9.8
Heathrow,England S,15.5
Heathrow,England S,20.8
Heathrow,England S,24.2
Heathrow,England S,28.3
Heathrow,England S,24.5
Heathrow,England S,20.9
Heathrow,England S,16.5
Heathrow,England S,12.2
Heathrow,England S,10.7
Heathrow,England S,7.6
Heathrow,England S,12.4
Heathrow,England S,13.1
Heathrow,England S,15.8
Heathrow,England S,18.6
Heathrow,England S,21.8
Heathrow,England S,25.5
Heathrow,England S,25.2
Heathrow,England S,21.2
Heathrow,England S,15.5
Heathrow,England S,10.3
Heathrow,England S,10.2
Heathrow,England S,10.1
Heathrow,England S,11.1
Heathrow,England S,12
Heathrow,England S,18.2
Heathrow,England S,21.1
Heathrow,England S,22.5
Heathrow,England S,23.8
Heathrow,England S,25.6
Heathrow,England S,21.6
Heathrow,England S,15.1
Heathrow,England S,12.7
Heathrow,England S,8.5
Heathrow,England S,7
Heathrow,England S,9.1
Heathrow,England S,12.1
Heathrow,England S,13.1
Heathrow,England S,16.5
Heathrow,England S,22.5
Heathrow,England S,24.2
Heathrow,England S,21.9
Heathrow,England S,22.3
Heathrow,England S,16.9
Heathrow,England S,11.4
Heathrow,England S,10.1
Hurn,England S,10.4
Hurn,England S,10.2
Hurn,England S,12.3
Hurn,England S,18.5
Hurn,England S,17.7
Hurn,England S,19.8
Hurn,England S,19.9
Hurn,England S,20.9
Hurn,England S,19.5
Hurn,England S,15.6
Hurn,England S,12
Hurn,England S,9.2
Hurn,England S,10.5
Hurn,England S,10.9
Hurn,England S,10.9
Hurn,England S,13.3
Hurn,England S,19.3
Hurn,England S,19.6
Hurn,England S,21.1
Hurn,England S,19.9
Hurn,England S,18.4
Hurn,England S,14.6
Hurn,England S,11.1
Hurn,England S,7.7
Hurn,England S,7.1
Hurn,England S,8.3
Hurn,England S,12.3
Hurn,England S,14.2
Hurn,England S,17.7
Hurn,England S,21
Hurn,England S,20.4
Hurn,England S,21.2
Hurn,England S,19.8
Hurn,England S,16.3
Hurn,England S,12.9
Hurn,England S,7.6
Hurn,England S,5.2
Hurn,England S,7.3
Hurn,England S,10.5
Hurn,England S,14.6
Hurn,England S,17
Hurn,England S,22
Hurn,England S,22.8
Hurn,England S,21
Hurn,England S,19
Hurn,England S,15.6
Hurn,England S,9.8
Hurn,England S,3.9
Hurn,England S,7.7
Hurn,England S,10.4
Hurn,England S,12.3
Hurn,England S,18.3
Hurn,England S,17.7
Hurn,England S,19.5
Hurn,England S,20.6
Hurn,England S,20.4
Hurn,England S,19.8
Hurn,England S,17.3
Hurn,England S,14
Hurn,England S,10.6
Hurn,England S,10.1
Hurn,England S,8.4
Hurn,England S,14.4
Hurn,England S,12.7
Hurn,England S,17.6
Hurn,England S,17.8
Hurn,England S,20
Hurn,England S,21.2
Hurn,England S,18.9
Hurn,England S,14.4
Hurn,England S,11.2
Hurn,England S,9.9
Hurn,England S,7.4
Hurn,England S,7
Hurn,England S,7.2
Hurn,England S,12
Hurn,England S,15.9
Hurn,England S,19.6
Hurn,England S,25.4
Hurn,England S,22.9
Hurn,England S,19.9
Hurn,England S,16.9
Hurn,England S,10.8
Hurn,England S,10.8
Hurn,England S,10.3
Hurn,England S,10.4
Hurn,England S,12.9
Hurn,England S,14.7
Hurn,England S,16.8
Hurn,England S,21.1
Hurn,England S,24.5
Hurn,England S,21.2
Hurn,England S,21.3
Hurn,England S,16.8
Hurn,England S,12.6
Hurn,England S,9.6
Hurn,England S,9.6
Hurn,England S,8.2
Hurn,England S,11.1
Hurn,England S,15.6
Hurn,England S,16.2
Hurn,England S,20.5
Hurn,England S,21.5
Hurn,England S,20.5
Hurn,England S,18.7
Hurn,England S,15.5
Hurn,England S,13.4
Hurn,England S,13.5
Hurn,England S,10
Hurn,England S,9.6
Hurn,England S,10.9
Hurn,England S,12.9
Hurn,England S,18
Hurn,England S,19.6
Hurn,England S,22.4
Hurn,England S,23.1
Hurn,England S,20.7
Hurn,England S,15.5
Hurn,England S,11.1
Hurn,England S,10.3
Hurn,England S,8.1
Hurn,England S,9.9
Hurn,England S,13.2
Hurn,England S,15
Hurn,England S,18.3
Hurn,England S,21.9
Hurn,England S,22.1
Hurn,England S,21
Hurn,England S,18.1
Hurn,England S,16.6
Hurn,England S,11.8
Hurn,England S,9.7
Hurn,England S,10.2
Hurn,England S,7.4
Hurn,England S,9.4
Hurn,England S,14.3
Hurn,England S,19.4
Hurn,England S,22.9
Hurn,England S,25.9
Hurn,England S,22.8
Hurn,England S,19.6
Hurn,England S,15.6
Hurn,England S,12.4
Hurn,England S,11.2
Hurn,England S,8
Hurn,England S,11.2
Hurn,England S,12.8
Hurn,England S,15.2
Hurn,England S,17.5
Hurn,England S,19.9
Hurn,England S,23.7
Hurn,England S,22.4
Hurn,England S,20.2
Hurn,England S,15.5
Hurn,England S,11
Hurn,England S,10.6
Hurn,England S,10.1
Hurn,England S,11
Hurn,England S,11.7
Hurn,England S,17.1
Hurn,England S,19.9
Hurn,England S,20.7
Hurn,England S,22.1
Hurn,England S,23.4
Hurn,England S,20.7
Hurn,England S,15.2
Hurn,England S,13.1
Hurn,England S,9.2
Hurn,England S,7.6
Hurn,England S,9.5
Hurn,England S,12.1
Hurn,England S,13.1
Hurn,England S,15.4
Hurn,England S,20.7
Hurn,England S,22.6
Hurn,England S,21.2
Hurn,England S,21.6
Hurn,England S,16.9
Hurn,England S,11.8
Hurn,England S,10.8
Lerwick,Scotland,6.8
Lerwick,Scotland,6.1
Lerwick,Scotland,7.7
Lerwick,Scotland,9.9
Lerwick,Scotland,10.4
Lerwick,Scotland,12.4
Lerwick,Scotland,13.7
Lerwick,Scotland,13.5
Lerwick,Scotland,11.8
Lerwick,Scotland,11.2
Lerwick,Scotland,7.6
Lerwick,Scotland,7
Lerwick,Scotland,6.1
Lerwick,Scotland,7.3
Lerwick,Scotland,6.1
Lerwick,Scotland,8.3
Lerwick,Scotland,11.9
Lerwick,Scotland,12.5
Lerwick,Scotland,15.4
Lerwick,Scotland,15.5
Lerwick,Scotland,13.8
Lerwick,Scotland,10.1
Lerwick,Scotland,7.7
Lerwick,Scotland,6.8
Lerwick,Scotland,6.5
Lerwick,Scotland,5.2
Lerwick,Scotland,7.5
Lerwick,Scotland,9.6
Lerwick,Scotland,11.6
Lerwick,Scotland,13.7
Lerwick,Scotland,15.6
Lerwick,Scotland,15.3
Lerwick,Scotland,13.5
Lerwick,Scotland,10.3
Lerwick,Scotland,8.7
Lerwick,Scotland,5.6
Lerwick,Scotland,4.3
Lerwick,Scotland,3.6
Lerwick,Scotland,6.8
Lerwick,Scotland,8.3
Lerwick,Scotland,9.8
Lerwick,Scotland,12.6
Lerwick,Scotland,14.7
Lerwick,Scotland,14.3
Lerwick,Scotland,12.7
Lerwick,Scotland,10.1
Lerwick,Scotland,5.5
Lerwick,Scotland,3.7
Lerwick,Scotland,5.8
Lerwick,Scotland,5.9
Lerwick,Scotland,6.7
Lerwick,Scotland,10.6
Lerwick,Scotland,11.2
Lerwick,Scotland,13
Lerwick,Scotland,13.7
Lerwick,Scotland,14.1
Lerwick,Scotland,13.6
Lerwick,Scotland,10.9
Lerwick,Scotland,10.4
Lerwick,Scotland,6.1
Lerwick,Scotland,6
Lerwick,Scotland,7.2
Lerwick,Scotland,8.7
Lerwick,Scotland,7.1
Lerwick,Scotland,10.1
Lerwick,Scotland,12.1
Lerwick,Scotland,13.4
Lerwick,Scotland,14.7
Lerwick,Scotland,12.1
Lerwick,Scotland,9.3
Lerwick,Scotland,7.9
Lerwick,Scotland,5
Lerwick,Scotland,5.4
Lerwick,Scotland,5.5
Lerwick,Scotland,5
Lerwick,Scotland,7.6
Lerwick,Scotland,10.1
Lerwick,Scotland,12.7
Lerwick,Scotland,14.4
Lerwick,Scotland,14.6
Lerwick,Scotland,12.6
Lerwick,Scotland,10.8
Lerwick,Scotland,8
Lerwick,Scotland,7.5
Lerwick,Scotland,6.4
Lerwick,Scotland,6.7
Lerwick,Scotland,8
Lerwick,Scotland,9
Lerwick,Scotland,10.8
Lerwick,Scotland,13.3
Lerwick,Scotland,15.6
Lerwick,Scotland,15
Lerwick,Scotland,13.7
Lerwick,Scotland,11.4
Lerwick,Scotland,9.4
Lerwick,Scotland,7
Lerwick,Scotland,6.2
Lerwick,Scotland,6.3
Lerwick,Scotland,7.4
Lerwick,Scotland,8.3
Lerwick,Scotland,9.6
Lerwick,Scotland,11.2
Lerwick,Scotland,13.5
Lerwick,Scotland,15
Lerwick,Scotland,13.2
Lerwick,Scotland,11.7
Lerwick,Scotland,8.9
Lerwick,Scotland,8.2
Lerwick,Scotland,5.4
Lerwick,Scotland,5.1
Lerwick,Scotland,7.4
Lerwick,Scotland,7.9
Lerwick,Scotland,10.8
Lerwick,Scotland,12.9
Lerwick,Scotland,14.5
Lerwick,Scotland,14.2
Lerwick,Scotland,14.2
Lerwick,Scotland,11.4
Lerwick,Scotland,7.7
Lerwick,Scotland,9.2
Lerwick,Scotland,7
Lerwick,Scotland,6.7
Lerwick,Scotland,7.5
Lerwick,Scotland,8.2
Lerwick,Scotland,11.5
Lerwick,Scotland,13.3
Lerwick,Scotland,14.5
Lerwick,Scotland,14.7
Lerwick,Scotland,13.7
Lerwick,Scotland,11.3
Lerwick,Scotland,6.8
Lerwick,Scotland,6.4
Lerwick,Scotland,5.3
Lerwick,Scotland,5.3
Lerwick,Scotland,4.9
Lerwick,Scotland,8.6
Lerwick,Scotland,12.8
Lerwick,Scotland,13.3
Lerwick,Scotland,16
Lerwick,Scotland,15
Lerwick,Scotland,12.8
Lerwick,Scotland,10.4
Lerwick,Scotland,9.2
Lerwick,Scotland,7.4
Lerwick,Scotland,5.7
Lerwick,Scotland,7.8
Lerwick,Scotland,7.4
Lerwick,Scotland,9.5
Lerwick,Scotland,9.9
Lerwick,Scotland,12.7
Lerwick,Scotland,15.2
Lerwick,Scotland,15.4
Lerwick,Scotland,12.7
Lerwick,Scotland,10.3
Lerwick,Scotland,6.5
Lerwick,Scotland,7.4
Lerwick,Scotland,7.6
Lerwick,Scotland,6.1
Lerwick,Scotland,7.2
Lerwick,Scotland,8.9
Lerwick,Scotland,10.3
Lerwick,Scotland,13.9
Lerwick,Scotland,13.9
Lerwick,Scotland,14.8
Lerwick,Scotland,12.7
Lerwick,Scotland,10.2
Lerwick,Scotland,9.3
Lerwick,Scotland,7.1
Lerwick,Scotland,4.2
Lerwick,Scotland,5.2
Lerwick,Scotland,7.4
Lerwick,Scotland,7.4
Lerwick,Scotland,9.3
Lerwick,Scotland,13.8
Lerwick,Scotland,15.2
Lerwick,Scotland,14.7
Lerwick,Scotland,14.1
Lerwick,Scotland,11.4
Lerwick,Scotland,8.5
Lerwick,Scotland,6.6
Leuchars,Scotland,8.8
Leuchars,Scotland,8.3
Leuchars,Scotland,9.9
Leuchars,Scotland,14.7
Leuchars,Scotland,14.1
Leuchars,Scotland,14.8
Leuchars,Scotland,18.4
Leuchars,Scotland,18.3
Leuchars,Scotland,17
Leuchars,Scotland,14.7
Leuchars,Scotland,10.3
Leuchars,Scotland,7
Leuchars,Scotland,7.5
Leuchars,Scotland,8.9
Leuchars,Scotland,9
Leuchars,Scotland,10.4
Leuchars,Scotland,14
Leuchars,Scotland,17.7
Leuchars,Scotland,18.5
Leuchars,Scotland,18.3
Leuchars,Scotland,16.1
Leuchars,Scotland,12.2
Leuchars,Scotland,8.9
Leuchars,Scotland,6.5
Leuchars,Scotland,6
Leuchars,Scotland,7.4
Leuchars,Scotland,10.5
Leuchars,Scotland,12.6
Leuchars,Scotland,14.9
Leuchars,Scotland,16.2
Leuchars,Scotland,19.5
Leuchars,Scotland,19.4
Leuchars,Scotland,17.1
Leuchars,Scotland,13.7
Leuchars,Scotland,9.8
Leuchars,Scotland,4.9
Leuchars,Scotland,4.5
Leuchars,Scotland,5.1
Leuchars,Scotland,9.5
Leuchars,Scotland,12.5
Leuchars,Scotland,14.4
Leuchars,Scotland,18.8
Leuchars,Scotland,19.6
Leuchars,Scotland,18.7
Leuchars,Scotland,16.5
Leuchars,Scotland,12.8
Leuchars,Scotland,7.5
Leuchars,Scotland,2.3
Leuchars,Scotland,5.8
Leuchars,Scotland,7.8
Leuchars,Scotland,10
Leuchars,Scotland,14.5
Leuchars,Scotland,15.1
Leuchars,Scotland,16.9
Leuchars,Scotland,18
Leuchars,Scotland,17.5
Leuchars,Scotland,17.4
Leuchars,Scotland,13.9
Leuchars,Scotland,12
Leuchars,Scotland,7.1
Leuchars,Scotland,7.4
Leuchars,Scotland,8.7
Leuchars,Scotland,13.3
Leuchars,Scotland,10.1
Leuchars,Scotland,12.5
Leuchars,Scotland,14.5
Leuchars,Scotland,17.1
Leuchars,Scotland,18.6
Leuchars,Scotland,16.2
Leuchars,Scotland,11.1
Leuchars,Scotland,9
Leuchars,Scotland,6.6
Leuchars,Scotland,6.2
Leuchars,Scotland,6.8
Leuchars,Scotland,5.4
Leuchars,Scotland,10.6
Leuchars,Scotland,14.6
Leuchars,Scotland,17.3
Leuchars,Scotland,21.4
Leuchars,Scotland,20
Leuchars,Scotland,16.6
Leuchars,Scotland,13.7
Leuchars,Scotland,8.6
Leuchars,Scotland,8.8
Leuchars,Scotland,7.2
Leuchars,Scotland,8
Leuchars,Scotland,10.3
Leuchars,Scotland,12.2
Leuchars,Scotland,14.9
Leuchars,Scotland,18.4
Leuchars,Scotland,20.9
Leuchars,Scotland,18.1
Leuchars,Scotland,17.6
Leuchars,Scotland,14.2
Leuchars,Scotland,10.5
Leuchars,Scotland,6.9
Leuchars,Scotland,6.6
Leuchars,Scotland,7.8
Leuchars,Scotland,9.7
Leuchars,Scotland,13.3
Leuchars,Scotland,14
Leuchars,Scotland,17.3
Leuchars,Scotland,18
Leuchars,Scotland,19.1
Leuchars,Scotland,16.3
Leuchars,Scotland,13.8
Leuchars,Scotland,9.8
Leuchars,Scotland,9.9
Leuchars,Scotland,6.8
Leuchars,Scotland,7
Leuchars,Scotland,9.7
Leuchars,Scotland,10.2
Leuchars,Scotland,14.6
Leuchars,Scotland,16
Leuchars,Scotland,19.6
Leuchars,Scotland,19.2
Leuchars,Scotland,18.8
Leuchars,Scotland,13.5
Leuchars,Scotland,8
Leuchars,Scotland,9.6
Leuchars,Scotland,7.1
Leuchars,Scotland,8.6
Leuchars,Scotland,11
Leuchars,Scotland,13.2
Leuchars,Scotland,16.3
Leuchars,Scotland,17.9
Leuchars,Scotland,18.3
Leuchars,Scotland,18.9
Leuchars,Scotland,16.4
Leuchars,Scotland,15
Leuchars,Scotland,8.5
Leuchars,Scotland,6.9
Leuchars,Scotland,6
Leuchars,Scotland,6
Leuchars,Scotland,6.8
Leuchars,Scotland,11.5
Leuchars,Scotland,16.6
Leuchars,Scotland,17.7
Leuchars,Scotland,21.7
Leuchars,Scotland,19.4
Leuchars,Scotland,16.5
Leuchars,Scotland,13.8
Leuchars,Scotland,10.6
Leuchars,Scotland,8
Leuchars,Scotland,6.7
Leuchars,Scotland,10.2
Leuchars,Scotland,10.4
Leuchars,Scotland,11.6
Leuchars,Scotland,14
Leuchars,Scotland,16.8
Leuchars,Scotland,20.6
Leuchars,Scotland,19.4
Leuchars,Scotland,16.8
Leuchars,Scotland,12.2
Leuchars,Scotland,7.8
Leuchars,Scotland,8.1
Leuchars,Scotland,8.8
Leuchars,Scotland,7.8
Leuchars,Scotland,9.7
Leuchars,Scotland,12.1
Leuchars,Scotland,16.9
Leuchars,Scotland,17
Leuchars,Scotland,18.9
Leuchars,Scotland,18.1
Leuchars,Scotland,16.7
Leuchars,Scotland,12.7
Leuchars,Scotland,10.9
Leuchars,Scotland,7.2
Leuchars,Scotland,4.8
Leuchars,Scotland,7.2
Leuchars,Scotland,10.9
Leuchars,Scotland,10.8
Leuchars,Scotland,12.1
Leuchars,Scotland,18.5
Leuchars,Scotland,19.7
Leuchars,Scotland,18.7
Leuchars,Scotland,18.4
Leuchars,Scotland,14
Leuchars,Scotland,10.6
Leuchars,Scotland,7.1
Oxford,England S,10.4
Oxford,England S,9.7
Oxford,England S,12
Oxford,England S,17.8
Oxford,England S,17.5
Oxford,England S,20.5
Oxford,England S,20.6
Oxford,England S,21.7
Oxford,England S,19.2
Oxford,England S,15.1
Oxford,England S,11.3
Oxford,England S,8.3
Oxford,England S,10.3
Oxford,England S,10.5
Oxford,England S,10.6
Oxford,England S,13.1
Oxford,England S,18.7
Oxford,England S,20.1
Oxford,England S,22
Oxford,England S,20.8
Oxford,England S,17.8
Oxford,England S,14.6
Oxford,England S,10.1
Oxford,England S,6.9
Oxford,England S,6.3
Oxford,England S,7.9
Oxford,England S,12.4
Oxford,England S,15.6
Oxford,England S,18.2
Oxford,England S,22
Oxford,England S,22.4
Oxford,England S,22.7
Oxford,England S,20.2
Oxford,England S,16.2
Oxford,England S,12.5
Oxford,England S,6.8
Oxford,England S,4.7
Oxford,England S,7.1
Oxford,England S,11.3
Oxford,England S,15.8
Oxford,England S,17.6
Oxford,England S,23
Oxford,England S,23.9
Oxford,England S,21.4
Oxford,England S,18.8
Oxford,England S,14.5
Oxford,England S,8.2
Oxford,England S,2.7
Oxford,England S,7
Oxford,England S,10.4
Oxford,England S,12.4
Oxford,England S,19.4
Oxford,England S,18.9
Oxford,England S,19.3
Oxford,England S,21.4
Oxford,England S,20.7
Oxford,England S,20.7
Oxford,England S,17.2
Oxford,England S,13.5
Oxford,England S,9.3
Oxford,England S,9.8
Oxford,England S,7.3
Oxford,England S,14
Oxford,England S,12.6
Oxford,England S,17.7
Oxford,England S,18.9
Oxford,England S,20.5
Oxford,England S,21.8
Oxford,England S,18.4
Oxford,England S,13.4
Oxford,England S,10.1
Oxford,England S,8.6
Oxford,England S,6.4
Oxford,England S,6.2
Oxford,England S,6.3
Oxford,England S,12.9
Oxford,England S,15.9
Oxford,England S,19.3
Oxford,England S,25.5
Oxford,England S,23.1
Oxford,England S,19
Oxford,England S,16.3
Oxford,England S,9.9
Oxford,England S,10
Oxford,England S,9.3
Oxford,England S,9.7
Oxford,England S,12.8
Oxford,England S,15
Oxford,England S,17.1
Oxford,England S,21.5
Oxford,England S,24.9
Oxford,England S,20.8
Oxford,England S,21.1
Oxford,England S,16.8
Oxford,England S,11.5
Oxford,England S,8.7
Oxford,England S,8.4
Oxford,England S,7.5
Oxford,England S,11.4
Oxford,England S,15.9
Oxford,England S,16.8
Oxford,England S,21.1
Oxford,England S,22.6
Oxford,England S,21.3
Oxford,England S,18.4
Oxford,England S,15.1
Oxford,England S,13.1
Oxford,England S,13.4
Oxford,England S,9.4
Oxford,England S,9.1
Oxford,England S,10.2
Oxford,England S,12.9
Oxford,England S,18.4
Oxford,England S,20
Oxford,England S,23.3
Oxford,England S,23.5
Oxford,England S,20.9
Oxford,England S,15.1
Oxford,England S,9.4
Oxford,England S,9.6
Oxford,England S,7.3
Oxford,England S,9.5
Oxford,England S,13.7
Oxford,England S,15.1
Oxford,England S,19
Oxford,England S,22.7
Oxford,England S,23.3
Oxford,England S,21.4
Oxford,England S,18.5
Oxford,England S,16.1
Oxford,England S,10.7
Oxford,England S,8.3
Oxford,England S,8.9
Oxford,England S,6.4
Oxford,England S,9.1
Oxford,England S,14.2
Oxford,England S,19.9
Oxford,England S,22.8
Oxford,England S,27.4
Oxford,England S,23.4
Oxford,England S,20.4
Oxford,England S,15.6
Oxford,England S,11.7
Oxford,England S,10.2
Oxford,England S,7.2
Oxford,England S,11.8
Oxford,England S,12.7
Oxford,England S,15.1
Oxford,England S,18
Oxford,England S,20.4
Oxford,England S,24.5
Oxford,England S,23.9
Oxford,England S,20.6
Oxford,England S,14.5
Oxford,England S,9.6
Oxford,England S,9.4
Oxford,England S,9.6
Oxford,England S,10.5
Oxford,England S,11.4
Oxford,England S,17.8
Oxford,England S,20.4
Oxford,England S,21.6
Oxford,England S,22.5
Oxford,England S,23.5
Oxford,England S,20
Oxford,England S,14.2
Oxford,England S,11.9
Oxford,England S,8
Oxford,England S,6.7
Oxford,England S,8.8
Oxford,England S,11.3
Oxford,England S,12.5
Oxford,England S,15.5
Oxford,England S,21.3
Oxford,England S,23.8
Oxford,England S,21.1
Oxford,England S,21.8
Oxford,England S,16.2
Oxford,England S,10.9
Oxford,England S,9.6
Paisley,Scotland,9.6
Paisley,Scotland,8.8
Paisley,Scotland,10.5
Paisley,Scotland,15.6
Paisley,Scotland,15.4
Paisley,Scotland,18.2
Paisley,Scotland,18.8
Paisley,Scotland,18.2
Paisley,Scotland,16
Paisley,Scotland,14.2
Paisley,Scotland,10.5
Paisley,Scotland,7.8
Paisley,Scotland,8
Paisley,Scotland,9
Paisley,Scotland,9.1
Paisley,Scotland,12.5
Paisley,Scotland,17.5
Paisley,Scotland,17.6
Paisley,Scotland,19.5
Paisley,Scotland,18.2
Paisley,Scotland,15.7
Paisley,Scotland,11.8
Paisley,Scotland,8.9
Paisley,Scotland,6.5
Paisley,Scotland,6.8
Paisley,Scotland,7.4
Paisley,Scotland,10.2
Paisley,Scotland,13.8
Paisley,Scotland,15.8
Paisley,Scotland,19.4
Paisley,Scotland,20
Paisley,Scotland,18.5
Paisley,Scotland,16.6
Paisley,Scotland,13.8
Paisley,Scotland,9.5
Paisley,Scotland,4.6
Paisley,Scotland,4.1
Paisley,Scotland,5.2
Paisley,Scotland,9.6
Paisley,Scotland,13.6
Paisley,Scotland,15.7
Paisley,Scotland,20.2
Paisley,Scotland,18.5
Paisley,Scotland,18.5
Paisley,Scotland,17
Paisley,Scotland,12.9
Paisley,Scotland,7.1
Paisley,Scotland,1.6
Paisley,Scotland,5.9
Paisley,Scotland,8.3
Paisley,Scotland,9.5
Paisley,Scotland,15.7
Paisley,Scotland,15
Paisley,Scotland,16.8
Paisley,Scotland,20.3
Paisley,Scotland,17.9
Paisley,Scotland,16.8
Paisley,Scotland,13.6
Paisley,Scotland,11.8
Paisley,Scotland,7.6
Paisley,Scotland,7.3
Paisley,Scotland,8.2
Paisley,Scotland,12.8
Paisley,Scotland,11.5
Paisley,Scotland,16.1
Paisley,Scotland,16.6
Paisley,Scotland,18.1
Paisley,Scotland,19.7
Paisley,Scotland,15.3
Paisley,Scotland,11.4
Paisley,Scotland,8.8
Paisley,Scotland,6.5
Paisley,Scotland,6.4
Paisley,Scotland,7.2
Paisley,Scotland,6.1
Paisley,Scotland,10.9
Paisley,Scotland,14.8
Paisley,Scotland,18.3
Paisley,Scotland,22.4
Paisley,Scotland,19.5
Paisley,Scotland,16.3
Paisley,Scotland,13.8
Paisley,Scotland,8.6
Paisley,Scotland,9
Paisley,Scotland,7.2
Paisley,Scotland,7.8
Paisley,Scotland,10.3
Paisley,Scotland,13.7
Paisley,Scotland,15.8
Paisley,Scotland,19.4
Paisley,Scotland,21.4
Paisley,Scotland,18.2
Paisley,Scotland,18.4
Paisley,Scotland,13.9
Paisley,Scotland,10.6
Paisley,Scotland,7.4
Paisley,Scotland,6.6
Paisley,Scotland,7.5
Paisley,Scotland,9.6
Paisley,Scotland,13.3
Paisley,Scotland,13.4
Paisley,Scotland,17
Paisley,Scotland,18.2
Paisley,Scotland,18.7
Paisley,Scotland,16.8
Paisley,Scotland,13.9
Paisley,Scotland,10.3
Paisley,Scotland,9.8
Paisley,Scotland,6.9
Paisley,Scotland,7.3
Paisley,Scotland,10.1
Paisley,Scotland,11.5
Paisley,Scotland,16.8
Paisley,Scotland,19.1
Paisley,Scotland,18.7
Paisley,Scotland,19.3
Paisley,Scotland,17.6
Paisley,Scotland,13.6
Paisley,Scotland,8
Paisley,Scotland,9.6
Paisley,Scotland,7.6
Paisley,Scotland,8.2
Paisley,Scotland,11.1
Paisley,Scotland,12.5
Paisley,Scotland,17.8
Paisley,Scotland,17.7
Paisley,Scotland,18.8
Paisley,Scotland,18.2
Paisley,Scotland,16.1
Paisley,Scotland,14
Paisley,Scotland,8.4
Paisley,Scotland,7
Paisley,Scotland,6
Paisley,Scotland,6.4
Paisley,Scotland,7.2
Paisley,Scotland,12
Paisley,Scotland,17.7
Paisley,Scotland,20.9
Paisley,Scotland,21.6
Paisley,Scotland,18.1
Paisley,Scotland,15.5
Paisley,Scotland,13
Paisley,Scotland,10.1
Paisley,Scotland,8
Paisley,Scotland,6.8
Paisley,Scotland,10.3
Paisley,Scotland,10.2
Paisley,Scotland,14.3
Paisley,Scotland,15.6
Paisley,Scotland,18.7
Paisley,Scotland,21.1
Paisley,Scotland,20.2
Paisley,Scotland,17.2
Paisley,Scotland,12.2
Paisley,Scotland,7.8
Paisley,Scotland,8.1
Paisley,Scotland,8.8
Paisley,Scotland,7.8
Paisley,Scotland,9.8
Paisley,Scotland,14.6
Paisley,Scotland,17.3
Paisley,Scotland,19.6
Paisley,Scotland,18.2
Paisley,Scotland,19.7
Paisley,Scotland,16.8
Paisley,Scotland,13
Paisley,Scotland,10.7
Paisley,Scotland,7
Paisley,Scotland,4.9
Paisley,Scotland,7
Paisley,Scotland,10.5
Paisley,Scotland,12.6
Paisley,Scotland,14.7
Paisley,Scotland,19.7
Paisley,Scotland,22.7
Paisley,Scotland,20.3
Paisley,Scotland,18.7
Paisley,Scotland,13.9
Paisley,Scotland,10.6
Paisley,Scotland,7.4
Ross-on-Wye,England S,10.5
Ross-on-Wye,England S,9.3
Ross-on-Wye,England S,11.8
Ross-on-Wye,England S,17.9
Ross-on-Wye,England S,17
Ross-on-Wye,England S,20.2
Ross-on-Wye,England S,19.6
Ross-on-Wye,England S,21.2
Ross-on-Wye,England S,18.9
Ross-on-Wye,England S,14.9
Ross-on-Wye,England S,11.2
Ross-on-Wye,England S,8.4
Ross-on-Wye,England S,10.3
Ross-on-Wye,England S,10
Ross-on-Wye,England S,10.7
Ross-on-Wye,England S,13.3
Ross-on-Wye,England S,18.6
Ross-on-Wye,England S,19.6
Ross-on-Wye,England S,21.6
Ross-on-Wye,England S,20.4
Ross-on-Wye,England S,17.7
Ross-on-Wye,England S,14.1
Ross-on-Wye,England S,10.6
Ross-on-Wye,England S,7.1
Ross-on-Wye,England S,6.4
Ross-on-Wye,England S,7.9
Ross-on-Wye,England S,12
Ross-on-Wye,England S,15.2
Ross-on-Wye,England S,17.5
Ross-on-Wye,England S,20.9
Ross-on-Wye,England S,20.8
Ross-on-Wye,England S,21.1
Ross-on-Wye,England S,19
Ross-on-Wye,England S,15.7
Ross-on-Wye,England S,11.4
Ross-on-Wye,England S,6.1
Ross-on-Wye,England S,4.7
Ross-on-Wye,England S,6.9
Ross-on-Wye,England S,10.8
Ross-on-Wye,England S,15.1
Ross-on-Wye,England S,17
Ross-on-Wye,England S,22.1
Ross-on-Wye,England S,22
Ross-on-Wye,England S,20.5
Ross-on-Wye,England S,18.4
Ross-on-Wye,England S,14.5
Ross-on-Wye,England S,8.6
Ross-on-Wye,England S,2.8
Ross-on-Wye,England S,6.9
Ross-on-Wye,England S,9.9
Ross-on-Wye,England S,11.9
Ross-on-Wye,England S,18.6
Ross-on-Wye,England S,17.5
Ross-on-Wye,England S,19.2
Ross-on-Wye,England S,21
Ross-on-Wye,England S,20.4
Ross-on-Wye,England S,19.7
Ross-on-Wye,England S,16.9
Ross-on-Wye,England S,12.8
Ross-on-Wye,England S,9.8
Ross-on-Wye,England S,9.5
Ross-on-Wye,England S,8.3
Ross-on-Wye,England S,13.9
Ross-on-Wye,England S,11.8
Ross-on-Wye,England S,17.4
Ross-on-Wye,England S,17.7
Ross-on-Wye,England S,20.5
Ross-on-Wye,England S,20.9
Ross-on-Wye,England S,18.1
Ross-on-Wye,England S,13.3
Ross-on-Wye,England S,10
Ross-on-Wye,England S,8.7
Ross-on-Wye,England S,6.9
Ross-on-Wye,England S,6.3
Ross-on-Wye,England S,6.5
Ross-on-Wye,England S,12.3
Ross-on-Wye,England S,16
Ross-on-Wye,England S,19.2
Ross-on-Wye,England S,25.5
Ross-on-Wye,England S,22
Ross-on-Wye,England S,18.9
Ross-on-Wye,England S,16.1
Ross-on-Wye,England S,10.1
Ross-on-Wye,England S,10
Ross-on-Wye,England S,8.8
Ross-on-Wye,England S,9.3
Ross-on-Wye,England S,12.8
Ross-on-Wye,England S,15
Ross-on-Wye,England S,17.4
Ross-on-Wye,England S,21.4
Ross-on-Wye,England S,23.9
Ross-on-Wye,England S,19.8
Ross-on-Wye,England S,20.8
Ross-on-Wye,England S,16.1
Ross-on-Wye,England S,11.4
Ross-on-Wye,England S,9.1
Ross-on-Wye,England S,8.5
Ross-on-Wye,England S,7.8
Ross-on-Wye,England S,11
Ross-on-Wye,England S,15.7
Ross-on-Wye,England S,16.1
Ross-on-Wye,England S,20.2
Ross-on-Wye,England S,21.2
Ross-on-Wye,England S,20.5
Ross-on-Wye,England S,18.2
Ross-on-Wye,England S,15.3
Ross-on-Wye,England S,12.9
Ross-on-Wye,England S,13.1
Ross-on-Wye,England S,9.2
Ross-on-Wye,England S,9.2
Ross-on-Wye,England S,10.4
Ross-on-Wye,England S,12.9
Ross-on-Wye,England S,18.6
Ross-on-Wye,England S,20.5
Ross-on-Wye,England S,22.3
Ross-on-Wye,England S,22.3
Ross-on-Wye,England S,20.4
Ross-on-Wye,England S,15
Ross-on-Wye,England S,9.8
Ross-on-Wye,England S,9.2
Ross-on-Wye,England S,7.8
Ross-on-Wye,England S,9.4
Ross-on-Wye,England S,13.2
Ross-on-Wye,England S,15
Ross-on-Wye,England S,18.9
Ross-on-Wye,England S,21.8
Ross-on-Wye,England S,22.4
Ross-on-Wye,England S,20.1
Ross-on-Wye,England S,18.2
Ross-on-Wye,England S,16.1
Ross-on-Wye,England S,11
Ross-on-Wye,England S,8.4
Ross-on-Wye,England S,8.9
Ross-on-Wye,England S,6.9
Ross-on-Wye,England S,8.7
Ross-on-Wye,England S,14
Ross-on-Wye,England S,19.4
Ross-on-Wye,England S,22.8
Ross-on-Wye,England S,26.3
Ross-on-Wye,England S,21.9
Ross-on-Wye,England S,18.7
Ross-on-Wye,England S,15.4
Ross-on-Wye,England S,11.3
Ross-on-Wye,England S,10.4
Ross-on-Wye,England S,7.3
Ross-on-Wye,England S,11.9
Ross-on-Wye,England S,12.3
Ross-on-Wye,England S,14.7
Ross-on-Wye,England S,17.4
Ross-on-Wye,England S,19.2
Ross-on-Wye,England S,23.3
Ross-on-Wye,England S,22.1
Ross-on-Wye,England S,19.6
Ross-on-Wye,England S,14.1
Ross-on-Wye,England S,9.5
Ross-on-Wye,England S,9.1
Ross-on-Wye,England S,9.4
Ross-on-Wye,England S,10.2
Ross-on-Wye,England S,11.3
Ross-on-Wye,England S,17.4
Ross-on-Wye,England S,19.7
Ross-on-Wye,England S,20.8
Ross-on-Wye,England S,21
Ross-on-Wye,England S,22.4
Ross-on-Wye,England S,19.6
Ross-on-Wye,England S,13.9
Ross-on-Wye,England S,11.7
Ross-on-Wye,England S,8.3
Ross-on-Wye,England S,6.7
Ross-on-Wye,England S,8.8
Ross-on-Wye,England S,12
Ross-on-Wye,England S,13
Ross-on-Wye,England S,15.3
Ross-on-Wye,England S,21.2
Ross-on-Wye,England S,23.7
Ross-on-Wye,England S,20.6
Ross-on-Wye,England S,21.2
Ross-on-Wye,England S,15.9
Ross-on-Wye,England S,11.2
Ross-on-Wye,England S,9.7
Shawbury,England S,9.8
Shawbury,England S,8.8
Shawbury,England S,11
Shawbury,England S,16.3
Shawbury,England S,16.1
Shawbury,England S,19
Shawbury,England S,18.8
Shawbury,England S,19.7
Shawbury,England S,17.6
Shawbury,England S,14.6
Shawbury,England S,10.6
Shawbury,England S,7.9
Shawbury,England S,9.7
Shawbury,England S,9.6
Shawbury,England S,9.7
Shawbury,England S,11.5
Shawbury,England S,17.7
Shawbury,England S,18.6
Shawbury,England S,20.8
Shawbury,England S,19.9
Shawbury,England S,17.3
Shawbury,England S,13.3
Shawbury,England S,9.5
Shawbury,England S,6.6
Shawbury,England S,6.2
Shawbury,England S,7.3
Shawbury,England S,11.1
Shawbury,England S,14.4
Shawbury,England S,16.4
Shawbury,England S,19.5
Shawbury,England S,19.8
Shawbury,England S,20.6
Shawbury,England S,18.2
Shawbury,England S,15.4
Shawbury,England S,11.1
Shawbury,England S,5.6
Shawbury,England S,4
Shawbury,England S,5.9
Shawbury,England S,10.4
Shawbury,England S,14
Shawbury,England S,15.4
Shawbury,England S,20.8
Shawbury,England S,20.7
Shawbury,England S,19.1
Shawbury,England S,18
Shawbury,England S,14
Shawbury,England S,8
Shawbury,England S,2
Shawbury,England S,6.4
Shawbury,England S,9.5
Shawbury,England S,10.8
Shawbury,England S,16.9
Shawbury,England S,16.8
Shawbury,England S,18.7
Shawbury,England S,20.2
Shawbury,England S,20.4
Shawbury,England S,20
Shawbury,England S,16.6
Shawbury,England S,12.2
Shawbury,England S,9.3
Shawbury,England S,8.8
Shawbury,England S,7.6
Shawbury,England S,13
Shawbury,England S,11.1
Shawbury,England S,16.5
Shawbury,England S,17.4
Shawbury,England S,19.3
Shawbury,England S,20.3
Shawbury,England S,17
Shawbury,England S,12.7
Shawbury,England S,9.8
Shawbury,England S,7.7
Shawbury,England S,6
Shawbury,England S,6.1
Shawbury,England S,5.7
Shawbury,England S,11.8
Shawbury,England S,14.7
Shawbury,England S,18.3
Shawbury,England S,24.1
Shawbury,England S,20.8
Shawbury,England S,17.9
Shawbury,England S,15.6
Shawbury,England S,9.5
Shawbury,England S,9.8
Shawbury,England S,8.5
Shawbury,England S,9
Shawbury,England S,12
Shawbury,England S,14.5
Shawbury,England S,16.4
Shawbury,England S,19.8
Shawbury,England S,22.9
Shawbury,England S,19
Shawbury,England S,19.4
Shawbury,England S,15.6
Shawbury,England S,11.1
Shawbury,England S,8.3
Shawbury,England S,7.7
Shawbury,England S,7.2
Shawbury,England S,10.2
Shawbury,England S,14.2
Shawbury,England S,14.6
Shawbury,England S,19.2
Shawbury,England S,20
Shawbury,England S,20.1
Shawbury,England S,16.9
Shawbury,England S,14.7
Shawbury,England S,12.5
Shawbury,England S,12.6
Shawbury,England S,8.7
Shawbury,England S,8.4
Shawbury,England S,9.6
Shawbury,England S,11.8
Shawbury,England S,17.4
Shawbury,England S,19.6
Shawbury,England S,20.6
Shawbury,England S,21.4
Shawbury,England S,19.6
Shawbury,England S,14.3
Shawbury,England S,9
Shawbury,England S,9.3
Shawbury,England S,7.2
Shawbury,England S,8.9
Shawbury,England S,12.5
Shawbury,England S,13.4
Shawbury,England S,18.1
Shawbury,England S,20.2
Shawbury,England S,21.7
Shawbury,England S,19.6
Shawbury,England S,17.2
Shawbury,England S,15.5
Shawbury,England S,10.3
Shawbury,England S,7.9
Shawbury,England S,8.1
Shawbury,England S,6.2
Shawbury,England S,8.1
Shawbury,England S,13.3
Shawbury,England S,18.7
Shawbury,England S,21.5
Shawbury,England S,25.2
Shawbury,England S,21.3
Shawbury,England S,17.6
Shawbury,England S,14.5
Shawbury,England S,10.9
Shawbury,England S,9.6
Shawbury,England S,6.9
Shawbury,England S,11.3
Shawbury,England S,11.6
Shawbury,England S,13.9
Shawbury,England S,16
Shawbury,England S,18.2
Shawbury,England S,21.8
Shawbury,England S,21.4
Shawbury,England S,18.5
Shawbury,England S,13.3
Shawbury,England S,8.7
Shawbury,England S,8.4
Shawbury,England S,9.2
Shawbury,England S,9.7
Shawbury,England S,10.6
Shawbury,England S,16
Shawbury,England S,18.3
Shawbury,England S,19.9
Shawbury,England S,19.5
Shawbury,England S,21.5
Shawbury,England S,18.4
Shawbury,England S,13.4
Shawbury,England S,11.7
Shawbury,England S,7.6
Shawbury,England S,6.1
Shawbury,England S,8.5
Shawbury,England S,10.8
Shawbury,England S,11.9
Shawbury,England S,14.3
Shawbury,England S,20.2
Shawbury,England S,22.4
Shawbury,England S,19.7
Shawbury,England S,20.5
Shawbury,England S,15.4
Shawbury,England S,10.8
Shawbury,England S,8.8
Sheffield,England N,9.6
Sheffield,England N,8.6
Sheffield,England N,10.2
Sheffield,England N,15.8
Sheffield,England N,15.6
Sheffield,England N,18.6
Sheffield,England N,18.8
Sheffield,England N,19.7
Sheffield,England N,17.6
Sheffield,England N,14
Sheffield,England N,10.3
Sheffield,England N,7.2
Sheffield,England N,9
Sheffield,England N,9.1
Sheffield,England N,9.1
Sheffield,England N,11.4
Sheffield,England N,17.5
Sheffield,England N,18.7
Sheffield,England N,20.8
Sheffield,England N,20.1
Sheffield,England N,17
Sheffield,England N,12.8
Sheffield,England N,9
Sheffield,England N,6.1
Sheffield,England N,5.7
Sheffield,England N,6.7
Sheffield,England N,10.9
Sheffield,England N,14.6
Sheffield,England N,16.4
Sheffield,England N,19.2
Sheffield,England N,20.4
Sheffield,England N,21
Sheffield,England N,18
Sheffield,England N,14.4
Sheffield,England N,10.4
Sheffield,England N,5.2
Sheffield,England N,3.4
Sheffield,England N,4.4
Sheffield,England N,9.9
Sheffield,England N,13.8
Sheffield,England N,15.2
Sheffield,England N,20.4
Sheffield,England N,21
Sheffield,England N,19.5
Sheffield,England N,17.8
Sheffield,England N,13.3
Sheffield,England N,7.4
Sheffield,England N,2.7
Sheffield,England N,6.4
Sheffield,England N,8.8
Sheffield,England N,10.9
Sheffield,England N,17.1
Sheffield,England N,16.7
Sheffield,England N,19.4
Sheffield,England N,20.3
Sheffield,England N,20.1
Sheffield,England N,19.5
Sheffield,England N,15.9
Sheffield,England N,11.7
Sheffield,England N,8.1
Sheffield,England N,7.9
Sheffield,England N,7.6
Sheffield,England N,13.6
Sheffield,England N,10.7
Sheffield,England N,16.4
Sheffield,England N,17.3
Sheffield,England N,19.5
Sheffield,England N,20.9
Sheffield,England N,17.1
Sheffield,England N,12.2
Sheffield,England N,9.2
Sheffield,England N,7
Sheffield,England N,5.7
Sheffield,England N,5.2
Sheffield,England N,4.5
Sheffield,England N,11.9
Sheffield,England N,15.5
Sheffield,England N,18.8
Sheffield,England N,24
Sheffield,England N,21.6
Sheffield,England N,17.5
Sheffield,England N,14.9
Sheffield,England N,9.1
Sheffield,England N,9.1
Sheffield,England N,7.8
Sheffield,England N,8.5
Sheffield,England N,11.6
Sheffield,England N,14.2
Sheffield,England N,16.6
Sheffield,England N,19.4
Sheffield,England N,23.2
Sheffield,England N,19.3
Sheffield,England N,18.4
Sheffield,England N,14.9
Sheffield,England N,10.5
Sheffield,England N,7.7
Sheffield,England N,6.9
Sheffield,England N,6.9
Sheffield,England N,9.8
Sheffield,England N,14.3
Sheffield,England N,14.8
Sheffield,England N,19.1
Sheffield,England N,20.8
Sheffield,England N,20.6
Sheffield,England N,16.9
Sheffield,England N,13.9
Sheffield,England N,12.2
Sheffield,England N,12
Sheffield,England N,8
Sheffield,England N,7.8
Sheffield,England N,9.1
Sheffield,England N,11.6
Sheffield,England N,16.9
Sheffield,England N,18.8
Sheffield,England N,21.3
Sheffield,England N,21
Sheffield,England N,19.9
Sheffield,England N,13.7
Sheffield,England N,8.4
Sheffield,England N,9.3
Sheffield,England N,6.7
Sheffield,England N,8.1
Sheffield,England N,12.3
Sheffield,England N,13.4
Sheffield,England N,17.9
Sheffield,England N,20.3
Sheffield,England N,21.2
Sheffield,England N,19.9
Sheffield,England N,17.3
Sheffield,England N,15.2
Sheffield,England N,9.7
Sheffield,England N,7.4
Sheffield,England N,7.2
Sheffield,England N,5.3
Sheffield,England N,7.5
Sheffield,England N,13.2
Sheffield,England N,19.4
Sheffield,England N,21.5
Sheffield,England N,25.4
Sheffield,England N,21.8
Sheffield,England N,18
Sheffield,England N,14.3
Sheffield,England N,10.3
Sheffield,England N,8.8
Sheffield,England N,6.6
Sheffield,England N,11.2
Sheffield,England N,11.5
Sheffield,England N,14.1
Sheffield,England N,16.1
Sheffield,England N,18.6
Sheffield,England N,22.7
Sheffield,England N,22
Sheffield,England N,18.1
Sheffield,England N,12.6
Sheffield,England N,7.9
Sheffield,England N,8.2
Sheffield,England N,9.2
Sheffield,England N,8.9
Sheffield,England N,10.6
Sheffield,England N,15.6
Sheffield,England N,18.4
Sheffield,England N,19.4
Sheffield,England N,19.7
Sheffield,England N,21.2
Sheffield,England N,18.5
Sheffield,England N,13
Sheffield,England N,11
Sheffield,England N,7
Sheffield,England N,5.2
Sheffield,England N,7.5
Sheffield,England N,11.1
Sheffield,England N,11.5
Sheffield,England N,14.9
Sheffield,England N,20.6
Sheffield,England N,22.8
Sheffield,England N,19.8
Sheffield,England N,20.2
Sheffield,England N,14.9
Sheffield,England N,10.4
Sheffield,England N,8.1
Valley,Wales,9.9
Valley,Wales,9
Valley,Wales,10.3
Valley,Wales,14.4
Valley,Wales,15
Valley,Wales,18.3
Valley,Wales,17.3
Valley,Wales,17.8
Valley,Wales,16.8
Valley,Wales,15
Valley,Wales,11.9
Valley,Wales,9.5
Valley,Wales,9.6
Valley,Wales,9.9
Valley,Wales,9.6
Valley,Wales,10.9
Valley,Wales,17.7
Valley,Wales,16.1
Valley,Wales,18.8
Valley,Wales,17.8
Valley,Wales,16.4
Valley,Wales,13.1
Valley,Wales,10.8
Valley,Wales,8.1
Valley,Wales,7.6
Valley,Wales,7.6
Valley,Wales,9.8
Valley,Wales,12.6
Valley,Wales,14.4
Valley,Wales,19
Valley,Wales,18.3
Valley,Wales,17.9
Valley,Wales,16.7
Valley,Wales,15.2
Valley,Wales,11.6
Valley,Wales,7.6
Valley,Wales,5.9
Valley,Wales,6.9
Valley,Wales,9.3
Valley,Wales,12.2
Valley,Wales,14.3
Valley,Wales,18.3
Valley,Wales,18.2
Valley,Wales,17.9
Valley,Wales,17.4
Valley,Wales,14.5
Valley,Wales,9.4
Valley,Wales,5.2
Valley,Wales,7.3
Valley,Wales,9.4
Valley,Wales,10.4
Valley,Wales,14.9
Valley,Wales,15.1
Valley,Wales,16.5
Valley,Wales,18.2
Valley,Wales,17.6
Valley,Wales,17.2
Valley,Wales,15.2
Valley,Wales,13.4
Valley,Wales,9.6
Valley,Wales,9
Valley,Wales,8.1
Valley,Wales,11.9
Valley,Wales,10.9
Valley,Wales,15
Valley,Wales,16
Valley,Wales,16.7
Valley,Wales,19
Valley,Wales,16
Valley,Wales,13.3
Valley,Wales,10.3
Valley,Wales,9
Valley,Wales,7.2
Valley,Wales,7.7
Valley,Wales,6.9
Valley,Wales,10.4
Valley,Wales,13.3
Valley,Wales,17.5
Valley,Wales,21.6
Valley,Wales,19
Valley,Wales,16.8
Valley,Wales,15.5
Valley,Wales,10.6
Valley,Wales,10.4
Valley,Wales,9.1
Valley,Wales,9
Valley,Wales,11.1
Valley,Wales,13.3
Valley,Wales,15
Valley,Wales,18
Valley,Wales,20.3
Valley,Wales,17.8
Valley,Wales,19.1
Valley,Wales,15.4
Valley,Wales,12.4
Valley,Wales,9.6
Valley,Wales,8.3
Valley,Wales,7.6
Valley,Wales,9.4
Valley,Wales,12.6
Valley,Wales,13.1
Valley,Wales,16.6
Valley,Wales,17.6
Valley,Wales,18.3
Valley,Wales,16.9
Valley,Wales,14.9
Valley,Wales,12.9
Valley,Wales,12.3
Valley,Wales,9.4
Valley,Wales,8.4
Valley,Wales,9.4
Valley,Wales,11.1
Valley,Wales,15.9
Valley,Wales,18
Valley,Wales,18.2
Valley,Wales,19.1
Valley,Wales,18
Valley,Wales,14.6
Valley,Wales,10
Valley,Wales,10.7
Valley,Wales,8.8
Valley,Wales,9.2
Valley,Wales,11
Valley,Wales,12
Valley,Wales,17
Valley,Wales,17.6
Valley,Wales,18.8
Valley,Wales,18.1
Valley,Wales,16.6
Valley,Wales,15.2
Valley,Wales,10.9
Valley,Wales,9
Valley,Wales,8.5
Valley,Wales,7.2
Valley,Wales,8.2
Valley,Wales,12.3
Valley,Wales,15.8
Valley,Wales,20.2
Valley,Wales,21
Valley,Wales,18.6
Valley,Wales,16.3
Valley,Wales,13.9
Valley,Wales,11.5
Valley,Wales,10.3
Valley,Wales,8.4
Valley,Wales,10.7
Valley,Wales,10.3
Valley,Wales,13.7
Valley,Wales,14.3
Valley,Wales,17.1
Valley,Wales,19.5
Valley,Wales,19.3
Valley,Wales,17.7
Valley,Wales,13.6
Valley,Wales,9.9
Valley,Wales,9.7
Valley,Wales,9.3
Valley,Wales,9.2
Valley,Wales,10.2
Valley,Wales,14.7
Valley,Wales,16.6
Valley,Wales,17.9
Valley,Wales,17.3
Valley,Wales,19.2
Valley,Wales,17.2
Valley,Wales,13.6
Valley,Wales,12.3
Valley,Wales,8.8
Valley,Wales,7.2
Valley,Wales,8.3
Valley,Wales,10
Valley,Wales,11.6
Valley,Wales,13.8
Valley,Wales,17.4
Valley,Wales,21.2
Valley,Wales,19.1
Valley,Wales,19.1
Valley,Wales,14.9
Valley,Wales,11.8
Valley,Wales,9.8
Waddington,England N,9.5
Waddington,England N,8.8
Waddington,England N,10.6
Waddington,England N,15.9
Waddington,England N,15.5
Waddington,England N,19
Waddington,England N,19.3
Waddington,England N,20.6
Waddington,England N,18.3
Waddington,England N,14.5
Waddington,England N,10.2
Waddington,England N,7.3
Waddington,England N,9.3
Waddington,England N,9.1
Waddington,England N,9.2
Waddington,England N,11.7
Waddington,England N,17.9
Waddington,England N,18.6
Waddington,England N,21.2
Waddington,England N,20.7
Waddington,England N,17.2
Waddington,England N,13.4
Waddington,England N,9.3
Waddington,England N,5.7
Waddington,England N,5.5
Waddington,England N,6.4
Waddington,England N,10.8
Waddington,England N,14.4
Waddington,England N,16.7
Waddington,England N,19.4
Waddington,England N,21.1
Waddington,England N,21.6
Waddington,England N,18.4
Waddington,England N,14.6
Waddington,England N,11.1
Waddington,England N,5.3
Waddington,England N,3.4
Waddington,England N,4.7
Waddington,England N,10
Waddington,England N,13.8
Waddington,England N,15.3
Waddington,England N,20.2
Waddington,England N,22.3
Waddington,England N,19.7
Waddington,England N,17.9
Waddington,England N,13.7
Waddington,England N,7.6
Waddington,England N,1.9
Waddington,England N,6.2
Waddington,England N,8.9
Waddington,England N,10.7
Waddington,England N,17
Waddington,England N,17.2
Waddington,England N,19.5
Waddington,England N,20.4
Waddington,England N,20.5
Waddington,England N,20
Waddington,England N,16.5
Waddington,England N,11.6
Waddington,England N,8.2
Waddington,England N,8.3
Waddington,England N,6.9
Waddington,England N,12.8
Waddington,England N,11
Waddington,England N,15.8
Waddington,England N,17.3
Waddington,England N,19.7
Waddington,England N,21.4
Waddington,England N,17.7
Waddington,England N,12.4
Waddington,England N,9.2
Waddington,England N,7
Waddington,England N,5.4
Waddington,England N,5.4
Waddington,England N,4.8
Waddington,England N,12.2
Waddington,England N,15.3
Waddington,England N,17.9
Waddington,England N,23.4
Waddington,England N,22.3
Waddington,England N,18.1
Waddington,England N,15.6
Waddington,England N,9
Waddington,England N,9.2
Waddington,England N,8.1
Waddington,England N,9.1
Waddington,England N,12.1
Waddington,England N,14.3
Waddington,England N,16.6
Waddington,England N,19.4
Waddington,England N,23.4
Waddington,England N,20
Waddington,England N,19.2
Waddington,England N,15.3
Waddington,England N,10.9
Waddington,England N,7.7
Waddington,England N,7.2
Waddington,England N,6.9
Waddington,England N,10.2
Waddington,England N,14.1
Waddington,England N,15.1
Waddington,England N,19.1
Waddington,England N,21.2
Waddington,England N,21.3
Waddington,England N,17.2
Waddington,England N,14.3
Waddington,England N,12.2
Waddington,England N,12.2
Waddington,England N,7.9
Waddington,England N,8.2
Waddington,England N,9.3
Waddington,England N,11.8
Waddington,England N,16.6
Waddington,England N,18.7
Waddington,England N,21.7
Waddington,England N,22
Waddington,England N,20.1
Waddington,England N,14.2
Waddington,England N,8.6
Waddington,England N,8.6
Waddington,England N,6.1
Waddington,England N,8.5
Waddington,England N,12.3
Waddington,England N,13.5
Waddington,England N,17.7
Waddington,England N,20.6
Waddington,England N,21.3
Waddington,England N,20.4
Waddington,England N,17.6
Waddington,England N,15.5
Waddington,England N,9.6
Waddington,England N,7.2
Waddington,England N,7.7
Waddington,England N,5.3
Waddington,England N,8
Waddington,England N,13.3
Waddington,England N,18.5
Waddington,England N,20.8
Waddington,England N,25.4
Waddington,England N,22.3
Waddington,England N,18.3
Waddington,England N,14.9
Waddington,England N,10.8
Waddington,England N,8.9
Waddington,England N,6.6
Waddington,England N,11.1
Waddington,England N,11.8
Waddington,England N,13.9
Waddington,England N,16.1
Waddington,England N,18.8
Waddington,England N,22.6
Waddington,England N,22.6
Waddington,England N,18.8
Waddington,England N,13.1
Waddington,England N,8.6
Waddington,England N,8.1
Waddington,England N,9.2
Waddington,England N,9.7
Waddington,England N,10.6
Waddington,England N,15.7
Waddington,England N,18.4
Waddington,England N,19.8
Waddington,England N,20.2
Waddington,England N,22
Waddington,England N,18.9
Waddington,England N,13.4
Waddington,England N,11.4
Waddington,England N,6.9
Waddington,England N,5.1
Waddington,England N,7.9
Waddington,England N,11
Waddington,England N,11.2
Waddington,England N,14.5
Waddington,England N,19.9
Waddington,England N,22.5
Waddington,England N,20.3
Waddington,England N,20.7
Waddington,England N,15.3
Waddington,England N,10.6
Waddington,England N,8.3
Whitby,England N,9.6
Whitby,England N,8.8
Whitby,England N,10
Whitby,England N,14.5
Whitby,England N,14.8
Whitby,England N,16.3
Whitby,England N,19.3
Whitby,England N,19.7
Whitby,England N,17.4
Whitby,England N,14.4
Whitby,England N,10.7
Whitby,England N,7.5
Whitby,England N,8.8
Whitby,England N,9.4
Whitby,England N,9.3
Whitby,England N,11.1
Whitby,England N,15.1
Whitby,England N,17.8
Whitby,England N,19.9
Whitby,England N,19.8
Whitby,England N,17.2
Whitby,England N,13.2
Whitby,England N,9.3
Whitby,England N,6.7
Whitby,England N,6
Whitby,England N,7.4
Whitby,England N,10.9
Whitby,England N,13.2
Whitby,England N,15.8
Whitby,England N,16.8
Whitby,England N,20.7
Whitby,England N,21.1
Whitby,England N,18
Whitby,England N,14.1
Whitby,England N,10.7
Whitby,England N,5.8
Whitby,England N,4.3
Whitby,England N,4.7
Whitby,England N,10
Whitby,England N,13.1
Whitby,England N,13.9
Whitby,England N,18.2
Whitby,England N,21.4
Whitby,England N,19.6
Whitby,England N,17.7
Whitby,England N,13.3
Whitby,England N,8.4
Whitby,England N,3.4
Whitby,England N,6.7
Whitby,England N,8.8
Whitby,England N,10.6
Whitby,England N,15.4
Whitby,England N,16.7
Whitby,England N,19.1
Whitby,England N,18.6
Whitby,England N,19.4
Whitby,England N,19
Whitby,England N,15.6
Whitby,England N,12.1
Whitby,England N,7.9
Whitby,England N,7.9
Whitby,England N,8.3
Whitby,England N,13.1
Whitby,England N,10.2
Whitby,England N,13.2
Whitby,England N,16.5
Whitby,England N,18.9
Whitby,England N,20.4
Whitby,England N,17.5
Whitby,England N,12.4
Whitby,England N,9.6
Whitby,England N,7.2
Whitby,England N,6
Whitby,England N,5.8
Whitby,England N,4.7
Whitby,England N,11.2
Whitby,England N,14.5
Whitby,England N,17.2
Whitby,England N,22.4
Whitby,England N,21.7
Whitby,England N,17.3
Whitby,England N,15.4
Whitby,England N,9.1
Whitby,England N,9.1
Whitby,England N,7.7
Whitby,England N,8.9
Whitby,England N,11.4
Whitby,England N,13
Whitby,England N,15.8
Whitby,England N,17.9
Whitby,England N,20.8
Whitby,England N,19
Whitby,England N,17.1
Whitby,England N,15.3
Whitby,England N,11.1
Whitby,England N,7.9
Whitby,England N,7.2
Whitby,England N,7.5
Whitby,England N,9.9
Whitby,England N,12.8
Whitby,England N,15
Whitby,England N,18.1
Whitby,England N,19.5
Whitby,England N,20.4
Whitby,England N,16
Whitby,England N,14.1
Whitby,England N,11.9
Whitby,England N,11.8
Whitby,England N,7.9
Whitby,England N,7.8
Whitby,England N,9.3
Whitby,England N,10.8
Whitby,England N,14.3
Whitby,England N,16.3
Whitby,England N,21.2
Whitby,England N,20.5
Whitby,England N,19.4
Whitby,England N,13.6
Whitby,England N,8.7
Whitby,England N,9.3
Whitby,England N,6.9
Whitby,England N,8.9
Whitby,England N,12.1
Whitby,England N,13.2
Whitby,England N,16.6
Whitby,England N,19.8
Whitby,England N,19.8
Whitby,England N,20
Whitby,England N,17.2
Whitby,England N,15.6
Whitby,England N,9.7
Whitby,England N,7.8
Whitby,England N,7.1
Whitby,England N,5.4
Whitby,England N,7.4
Whitby,England N,13.4
Whitby,England N,17
Whitby,England N,18
Whitby,England N,22.3
Whitby,England N,21.2
Whitby,England N,18.1
Whitby,England N,14.8
Whitby,England N,10.9
Whitby,England N,8.7
Whitby,England N,7.2
Whitby,England N,11.2
Whitby,England N,12.2
Whitby,England N,12
Whitby,England N,14.7
Whitby,England N,18
Whitby,England N,21.8
Whitby,England N,21.6
Whitby,England N,18.2
Whitby,England N,12.4
Whitby,England N,8.9
Whitby,England N,8.2
Whitby,England N,9.4
Whitby,England N,9
Whitby,England N,10.4
Whitby,England N,13.9
Whitby,England N,17.3
Whitby,England N,17.8
Whitby,England N,19.4
Whitby,England N,19.5
Whitby,England N,17.8
Whitby,England N,13.3
Whitby,England N,11.6
Whitby,England N,7.8
Whitby,England N,6
Whitby,England N,7.9
Whitby,England N,11
Whitby,England N,10.3
Whitby,England N,13.5
Whitby,England N,19.5
Whitby,England N,20.8
Whitby,England N,19.3
Whitby,England N,20
Whitby,England N,15.3
Whitby,England N,11
Whitby,England N,8
Yeovilton,England S,10.7
Yeovilton,England S,10.1
Yeovilton,England S,12
Yeovilton,England S,17.8
Yeovilton,England S,17.3
Yeovilton,England S,19.8
Yeovilton,England S,19.4
Yeovilton,England S,20.6
Yeovilton,England S,18.9
Yeovilton,England S,15.3
Yeovilton,England S,11.7
Yeovilton,England S,8.9
Yeovilton,England S,10.6
Yeovilton,England S,10.5
Yeovilton,England S,10.6
Yeovilton,England S,13
Yeovilton,England S,18.8
Yeovilton,England S,19.2
Yeovilton,England S,20.8
Yeovilton,England S,19.6
Yeovilton,England S,18.1
Yeovilton,England S,14.4
Yeovilton,England S,10.8
Yeovilton,England S,7.4
Yeovilton,England S,6.9
Yeovilton,England S,7.5
Yeovilton,England S,11.9
Yeovilton,England S,14.5
Yeovilton,England S,17.1
Yeovilton,England S,20.8
Yeovilton,England S,20.1
Yeovilton,England S,20.4
Yeovilton,England S,19
Yeovilton,England S,16
Yeovilton,England S,12.4
Yeovilton,England S,7.1
Yeovilton,England S,5
Yeovilton,England S,7.3
Yeovilton,England S,10.5
Yeovilton,England S,14.5
Yeovilton,England S,16.4
Yeovilton,England S,21.6
Yeovilton,England S,22.5
Yeovilton,England S,20.8
Yeovilton,England S,19.1
Yeovilton,England S,14.9
Yeovilton,England S,9.6
Yeovilton,England S,3.5
Yeovilton,England S,7.2
Yeovilton,England S,10.7
Yeovilton,England S,12.1
Yeovilton,England S,17.9
Yeovilton,England S,17.2
Yeovilton,England S,18.9
Yeovilton,England S,20.7
Yeovilton,England S,20.1
Yeovilton,England S,19.9
Yeovilton,England S,17.3
Yeovilton,England S,13.7
Yeovilton,England S,10.4
Yeovilton,England S,9.7
Yeovilton,England S,8.3
Yeovilton,England S,13.6
Yeovilton,England S,12.1
Yeovilton,England S,17.1
Yeovilton,England S,17.7
Yeovilton,England S,20
Yeovilton,England S,20.7
Yeovilton,England S,18
Yeovilton,England S,14
Yeovilton,England S,10.6
Yeovilton,England S,9.7
Yeovilton,England S,7.5
Yeovilton,England S,6.8
Yeovilton,England S,7.4
Yeovilton,England S,12.1
Yeovilton,England S,15.5
Yeovilton,England S,19
Yeovilton,England S,25.3
Yeovilton,England S,22.4
Yeovilton,England S,19.2
Yeovilton,England S,16.5
Yeovilton,England S,10.5
Yeovilton,England S,10.7
Yeovilton,England S,10
Yeovilton,England S,10
Yeovilton,England S,12.3
Yeovilton,England S,14.7
Yeovilton,England S,17.1
Yeovilton,England S,20.7
Yeovilton,England S,23.3
Yeovilton,England S,19.8
Yeovilton,England S,21.1
Yeovilton,England S,16.6
Yeovilton,England S,12.4
Yeovilton,England S,9.6
Yeovilton,England S,9.5
Yeovilton,England S,8
Yeovilton,England S,10.9
Yeovilton,England S,15.5
Yeovilton,England S,16
Yeovilton,England S,20.1
Yeovilton,England S,21.3
Yeovilton,England S,20.2
Yeovilton,England S,18.2
Yeovilton,England S,15.4
Yeovilton,England S,13.5
Yeovilton,England S,13.5
Yeovilton,England S,10
Yeovilton,England S,9.4
Yeovilton,England S,10.4
Yeovilton,England S,12.8
Yeovilton,England S,17.9
Yeovilton,England S,19.4
Yeovilton,England S,21.8
Yeovilton,England S,22.8
Yeovilton,England S,20.4
Yeovilton,England S,15.2
Yeovilton,England S,10.4
Yeovilton,England S,10
Yeovilton,England S,8.5
Yeovilton,England S,9.9
Yeovilton,England S,13.1
Yeovilton,England S,14.6
Yeovilton,England S,18.2
Yeovilton,England S,21.2
Yeovilton,England S,21.7
Yeovilton,England S,20.7
Yeovilton,England S,18
Yeovilton,England S,16.5
Yeovilton,England S,11.4
Yeovilton,England S,9.8
Yeovilton,England S,10.2
Yeovilton,England S,7.3
Yeovilton,England S,9.3
Yeovilton,England S,14.2
Yeovilton,England S,19
Yeovilton,England S,22.8
Yeovilton,England S,25.9
Yeovilton,England S,22.6
Yeovilton,England S,19.6
Yeovilton,England S,15.4
Yeovilton,England S,12.1
Yeovilton,England S,11
Yeovilton,England S,7.8
Yeovilton,England S,11.8
Yeovilton,England S,12.3
Yeovilton,England S,14.8
Yeovilton,England S,17.3
Yeovilton,England S,19.4
Yeovilton,England S,24
Yeovilton,England S,22.6
Yeovilton,England S,19.9
Yeovilton,England S,14.9
Yeovilton,England S,10.4
Yeovilton,England S,10.3
Yeovilton,England S,9.6
Yeovilton,England S,10.8
Yeovilton,England S,11.5
Yeovilton,England S,17.5
Yeovilton,England S,19.7
Yeovilton,England S,20.5
Yeovilton,England S,21.4
Yeovilton,England S,22.4
Yeovilton,England S,20
Yeovilton,England S,14.7
Yeovilton,England S,12.8
Yeovilton,England S,9.2
Yeovilton,England S,7.6
Yeovilton,England S,9.5
Yeovilton,England S,11.7
Yeovilton,England S,12.9
Yeovilton,England S,15.1
Yeovilton,England S,20.6
Yeovilton,England S,22.9
Yeovilton,England S,20.7
Yeovilton,England S,21.2
Yeovilton,England S,16.4
Yeovilton,England S,11.5
Yeovilton,England S,10.8
